{"nm":"ac","ddd":0,"h":512,"w":512,"meta":{"g":"LottieFiles AE 3.1.1"},"layers":[{"ty":4,"nm":"snow","sr":1,"st":0,"op":72,"ip":0,"hd":false,"ddd":0,"bm":0,"hasMask":false,"ao":0,"ks":{"a":{"a":0,"k":[64.436,64.436,0],"ix":1},"s":{"a":0,"k":[70,70,100],"ix":6},"sk":{"a":0,"k":0},"p":{"a":0,"k":[255.999,209.226,0],"ix":2},"r":{"a":1,"k":[{"o":{"x":0.333,"y":0},"i":{"x":0.667,"y":1},"s":[360],"t":18},{"s":[0],"t":71}],"ix":10},"sa":{"a":0,"k":0},"o":{"a":0,"k":100,"ix":11}},"ef":[],"shapes":[{"ty":"gr","bm":0,"hd":false,"mn":"ADBE Vector Group","nm":"Group 1","ix":1,"cix":2,"np":4,"it":[{"ty":"sh","bm":0,"hd":false,"mn":"ADBE Vector Shape - Group","nm":"Path 1","ix":1,"d":1,"ks":{"a":0,"k":{"c":true,"i":[[12.142,-12.705],[-12.142,12.704]],"o":[[-12.709,12.143],[12.709,-12.143]],"v":[[9.422,9.421],[-9.419,-9.42]]},"ix":2}},{"ty":"sh","bm":0,"hd":false,"mn":"ADBE Vector Shape - Group","nm":"Path 2","ix":2,"d":1,"ks":{"a":0,"k":{"c":true,"i":[[0,0],[0,0],[6.19,-6.14],[0,0],[0,0],[1.242,2.104],[0,0],[0,0],[8.763,0.145],[0,0],[0,0],[0.147,-8.763],[0,0],[0,0],[2.421,0.629],[0,0],[0,0],[6.19,-6.14],[0,0],[0,0],[-6.14,-6.19],[0,0],[0,0],[2.104,-1.242],[0,0],[0,0],[0.147,-8.763],[0,0],[0,0],[-8.763,-0.146],[0,0],[0,0],[0.63,-2.421],[0,0],[0,0],[-6.14,-6.19],[0,0],[0,0],[-5.702,0.202],[-1.302,1.302],[0,0],[0,0],[-1.242,-2.104],[0,0],[0,0],[-8.763,-0.145],[0,0],[0,0],[-0.147,8.763],[0,0],[0,0],[-2.421,-0.629],[0,0],[0,0],[-6.19,6.139],[0,0],[0,0],[6.139,6.189],[0,0],[0,0],[-2.104,1.242],[0,0],[0,0],[-0.147,8.763],[0,0],[0,0],[8.763,0.146],[0,0],[0,0],[-0.63,2.421],[0,0],[0,0],[-1.706,0],[4.253,3.961]],"o":[[0,0],[6.138,-6.19],[0,0],[0,0],[-0.63,-2.421],[0,0],[0,0],[8.763,-0.147],[0,0],[0,0],[-0.148,-8.762],[0,-0.001],[0,0],[-2.104,-1.242],[0,0],[0,0],[6.138,-6.19],[0,0],[0,0],[-6.19,-6.138],[0,0],[0,0],[-2.421,0.629],[0,0],[0,0],[-0.148,-8.762],[0,-0.001],[0,0],[-8.763,0.146],[0,0],[0,0],[-1.242,2.104],[0,0],[0,0],[-6.19,-6.138],[0,0],[0,0],[-4.251,3.961],[1.706,0],[0,0],[0,0],[0.63,2.421],[0,0],[0,0],[-8.763,0.146],[0,0],[0,0],[0.147,8.763],[0,0],[0,0],[2.104,1.242],[0,0],[0,0],[-6.138,6.191],[0,0],[0,0],[6.19,6.139],[0,0],[0,0],[2.421,-0.629],[0,0],[0,0],[0.147,8.763],[0,0],[0,0],[8.763,-0.146],[0,0],[0,0],[1.242,-2.104],[0,0],[0,0],[1.302,1.302],[5.701,0.201],[0,0]],"v":[[49.429,0],[58.048,-8.619],[48.62,-18.046],[37.241,-6.666],[25.722,-6.666],[22.89,-13.461],[31.042,-21.614],[47.143,-21.614],[47.143,-34.947],[34.952,-34.947],[34.952,-47.142],[21.619,-47.141],[21.619,-31.044],[13.463,-22.888],[6.667,-25.719],[6.667,-37.239],[18.048,-48.619],[8.62,-58.046],[0.001,-49.427],[-8.618,-58.046],[-18.046,-48.619],[-6.665,-37.239],[-6.665,-25.719],[-13.46,-22.888],[-21.617,-31.044],[-21.617,-47.142],[-34.951,-47.141],[-34.951,-34.947],[-47.141,-34.947],[-47.141,-21.614],[-31.04,-21.614],[-22.887,-13.461],[-25.719,-6.666],[-37.238,-6.666],[-48.618,-18.046],[-58.046,-8.619],[-49.426,0],[-58.046,8.62],[-53.333,20],[-48.618,18.047],[-37.238,6.667],[-25.719,6.667],[-22.887,13.462],[-31.04,21.615],[-47.141,21.615],[-47.141,34.948],[-34.951,34.948],[-34.951,47.142],[-21.617,47.142],[-21.617,31.045],[-13.46,22.889],[-6.665,25.72],[-6.665,37.24],[-18.046,48.62],[-8.618,58.047],[0.001,49.428],[8.62,58.047],[18.048,48.62],[6.667,37.24],[6.667,25.72],[13.463,22.889],[21.619,31.045],[21.619,47.142],[34.952,47.142],[34.952,34.948],[47.143,34.948],[47.143,21.615],[31.042,21.615],[22.89,13.462],[25.722,6.667],[37.241,6.667],[48.62,18.047],[53.335,20],[58.048,8.62]]},"ix":2}},{"ty":"mm","bm":0,"hd":false,"mn":"ADBE Vector Filter - Merge","nm":"Merge Paths 1","mm":1},{"ty":"fl","bm":0,"hd":false,"mn":"ADBE Vector Graphic - Fill","nm":"Fill 1","c":{"a":0,"k":[0.949,0.7451,0.1333],"ix":4},"r":1,"o":{"a":0,"k":100,"ix":5}},{"ty":"tr","a":{"a":0,"k":[0,0],"ix":1},"s":{"a":0,"k":[100,100],"ix":3},"sk":{"a":0,"k":0,"ix":4},"p":{"a":0,"k":[64.435,64.436],"ix":2},"r":{"a":0,"k":0,"ix":6},"sa":{"a":0,"k":0,"ix":5},"o":{"a":0,"k":100,"ix":7}}]}],"ind":1},{"ty":4,"nm":"signal 6","sr":1,"st":60,"op":132,"ip":60,"hd":false,"ddd":0,"bm":0,"hasMask":true,"ao":0,"ks":{"a":{"a":0,"k":[48.766,29.1,0],"ix":1},"s":{"a":0,"k":[100,100,100],"ix":6},"sk":{"a":0,"k":0},"p":{"a":0,"k":[362.682,92.454,0],"ix":2},"r":{"a":0,"k":0,"ix":10},"sa":{"a":0,"k":0},"o":{"a":1,"k":[{"o":{"x":0.167,"y":0.167},"i":{"x":0.833,"y":0.833},"s":[100],"t":72},{"s":[0],"t":75}],"ix":11}},"ef":[],"masksProperties":[{"nm":"Mask 1","inv":false,"mode":"a","x":{"a":0,"k":0,"ix":4},"o":{"a":0,"k":100,"ix":3},"pt":{"a":1,"k":[{"o":{"x":0.333,"y":0},"i":{"x":0.667,"y":1},"s":[{"c":true,"i":[[0,0],[0,0],[0,0],[0,0]],"o":[[0,0],[0,0],[0,0],[0,0]],"v":[[134.745,59.104],[-26.773,59.104],[-26.773,148.836],[134.745,148.836]]}],"t":60},{"s":[{"c":true,"i":[[0,0],[0,0],[0,0],[0,0]],"o":[[0,0],[0,0],[0,0],[0,0]],"v":[[134.745,-13.737],[-26.773,-13.737],[-26.773,75.995],[134.745,75.995]]}],"t":72}],"ix":1}}],"shapes":[{"ty":"gr","bm":0,"hd":false,"mn":"ADBE Vector Group","nm":"Group 1","ix":1,"cix":2,"np":2,"it":[{"ty":"sh","bm":0,"hd":false,"mn":"ADBE Vector Shape - Group","nm":"Path 1","ix":1,"d":1,"ks":{"a":0,"k":{"c":true,"i":[[12.561,-12.874],[-6.241,6.101],[-7.688,-7.578],[-2.583,2.622],[2.621,2.585]],"o":[[-6.169,6.143],[7.689,-7.578],[2.62,2.587],[2.585,-2.624],[-12.561,-12.874]],"v":[[-21.788,-1.36],[-12.426,8.132],[15.945,8.132],[25.372,8.067],[25.307,-1.36]]},"ix":2}},{"ty":"fl","bm":0,"hd":false,"mn":"ADBE Vector Graphic - Fill","nm":"Fill 1","c":{"a":0,"k":[0.8471,0.3765,0.0471],"ix":4},"r":1,"o":{"a":0,"k":100,"ix":5}},{"ty":"tr","a":{"a":0,"k":[0,0],"ix":1},"s":{"a":0,"k":[100,100],"ix":3},"sk":{"a":0,"k":0,"ix":4},"p":{"a":0,"k":[46.992,43.716],"ix":2},"r":{"a":0,"k":0,"ix":6},"sa":{"a":0,"k":0,"ix":5},"o":{"a":0,"k":100,"ix":7}}]},{"ty":"gr","bm":0,"hd":false,"mn":"ADBE Vector Group","nm":"Group 2","ix":2,"cix":2,"np":2,"it":[{"ty":"sh","bm":0,"hd":false,"mn":"ADBE Vector Shape - Group","nm":"Path 1","ix":1,"d":1,"ks":{"a":0,"k":{"c":true,"i":[[-6.201,6.144],[-12.405,0],[-8.844,-8.848],[6.152,6.193],[22.407,-23.345]],"o":[[8.844,-8.848],[12.406,0],[6.167,6.135],[-22.407,-23.343],[-6.122,6.186]],"v":[[-32.967,13.313],[-0.015,-0.403],[32.938,13.313],[42.365,3.887],[-42.394,3.887]]},"ix":2}},{"ty":"fl","bm":0,"hd":false,"mn":"ADBE Vector Graphic - Fill","nm":"Fill 1","c":{"a":0,"k":[0.8471,0.3765,0.0471],"ix":4},"r":1,"o":{"a":0,"k":100,"ix":5}},{"ty":"tr","a":{"a":0,"k":[0,0],"ix":1},"s":{"a":0,"k":[100,100],"ix":3},"sk":{"a":0,"k":0,"ix":4},"p":{"a":0,"k":[48.766,19.707],"ix":2},"r":{"a":0,"k":0,"ix":6},"sa":{"a":0,"k":0,"ix":5},"o":{"a":0,"k":100,"ix":7}}]}],"ind":2},{"ty":4,"nm":"signal 5","sr":1,"st":48,"op":120,"ip":48,"hd":false,"ddd":0,"bm":0,"hasMask":true,"ao":0,"ks":{"a":{"a":0,"k":[48.766,29.1,0],"ix":1},"s":{"a":0,"k":[100,100,100],"ix":6},"sk":{"a":0,"k":0},"p":{"a":0,"k":[362.682,92.454,0],"ix":2},"r":{"a":0,"k":0,"ix":10},"sa":{"a":0,"k":0},"o":{"a":1,"k":[{"o":{"x":0.167,"y":0.167},"i":{"x":0.833,"y":0.833},"s":[100],"t":60},{"s":[0],"t":63}],"ix":11}},"ef":[],"masksProperties":[{"nm":"Mask 1","inv":false,"mode":"a","x":{"a":0,"k":0,"ix":4},"o":{"a":0,"k":100,"ix":3},"pt":{"a":1,"k":[{"o":{"x":0.333,"y":0},"i":{"x":0.667,"y":1},"s":[{"c":true,"i":[[0,0],[0,0],[0,0],[0,0]],"o":[[0,0],[0,0],[0,0],[0,0]],"v":[[134.745,59.104],[-26.773,59.104],[-26.773,148.836],[134.745,148.836]]}],"t":48},{"s":[{"c":true,"i":[[0,0],[0,0],[0,0],[0,0]],"o":[[0,0],[0,0],[0,0],[0,0]],"v":[[134.745,-13.737],[-26.773,-13.737],[-26.773,75.995],[134.745,75.995]]}],"t":60}],"ix":1}}],"shapes":[{"ty":"gr","bm":0,"hd":false,"mn":"ADBE Vector Group","nm":"Group 1","ix":1,"cix":2,"np":2,"it":[{"ty":"sh","bm":0,"hd":false,"mn":"ADBE Vector Shape - Group","nm":"Path 1","ix":1,"d":1,"ks":{"a":0,"k":{"c":true,"i":[[12.561,-12.874],[-6.241,6.101],[-7.688,-7.578],[-2.583,2.622],[2.621,2.585]],"o":[[-6.169,6.143],[7.689,-7.578],[2.62,2.587],[2.585,-2.624],[-12.561,-12.874]],"v":[[-21.788,-1.36],[-12.426,8.132],[15.945,8.132],[25.372,8.067],[25.307,-1.36]]},"ix":2}},{"ty":"fl","bm":0,"hd":false,"mn":"ADBE Vector Graphic - Fill","nm":"Fill 1","c":{"a":0,"k":[0.8471,0.3765,0.0471],"ix":4},"r":1,"o":{"a":0,"k":100,"ix":5}},{"ty":"tr","a":{"a":0,"k":[0,0],"ix":1},"s":{"a":0,"k":[100,100],"ix":3},"sk":{"a":0,"k":0,"ix":4},"p":{"a":0,"k":[46.992,43.716],"ix":2},"r":{"a":0,"k":0,"ix":6},"sa":{"a":0,"k":0,"ix":5},"o":{"a":0,"k":100,"ix":7}}]},{"ty":"gr","bm":0,"hd":false,"mn":"ADBE Vector Group","nm":"Group 2","ix":2,"cix":2,"np":2,"it":[{"ty":"sh","bm":0,"hd":false,"mn":"ADBE Vector Shape - Group","nm":"Path 1","ix":1,"d":1,"ks":{"a":0,"k":{"c":true,"i":[[-6.201,6.144],[-12.405,0],[-8.844,-8.848],[6.152,6.193],[22.407,-23.345]],"o":[[8.844,-8.848],[12.406,0],[6.167,6.135],[-22.407,-23.343],[-6.122,6.186]],"v":[[-32.967,13.313],[-0.015,-0.403],[32.938,13.313],[42.365,3.887],[-42.394,3.887]]},"ix":2}},{"ty":"fl","bm":0,"hd":false,"mn":"ADBE Vector Graphic - Fill","nm":"Fill 1","c":{"a":0,"k":[0.8471,0.3765,0.0471],"ix":4},"r":1,"o":{"a":0,"k":100,"ix":5}},{"ty":"tr","a":{"a":0,"k":[0,0],"ix":1},"s":{"a":0,"k":[100,100],"ix":3},"sk":{"a":0,"k":0,"ix":4},"p":{"a":0,"k":[48.766,19.707],"ix":2},"r":{"a":0,"k":0,"ix":6},"sa":{"a":0,"k":0,"ix":5},"o":{"a":0,"k":100,"ix":7}}]}],"ind":3},{"ty":4,"nm":"signal 4","sr":1,"st":36,"op":108,"ip":36,"hd":false,"ddd":0,"bm":0,"hasMask":true,"ao":0,"ks":{"a":{"a":0,"k":[48.766,29.1,0],"ix":1},"s":{"a":0,"k":[100,100,100],"ix":6},"sk":{"a":0,"k":0},"p":{"a":0,"k":[362.682,92.454,0],"ix":2},"r":{"a":0,"k":0,"ix":10},"sa":{"a":0,"k":0},"o":{"a":1,"k":[{"o":{"x":0.167,"y":0.167},"i":{"x":0.833,"y":0.833},"s":[100],"t":48},{"s":[0],"t":51}],"ix":11}},"ef":[],"masksProperties":[{"nm":"Mask 1","inv":false,"mode":"a","x":{"a":0,"k":0,"ix":4},"o":{"a":0,"k":100,"ix":3},"pt":{"a":1,"k":[{"o":{"x":0.333,"y":0},"i":{"x":0.667,"y":1},"s":[{"c":true,"i":[[0,0],[0,0],[0,0],[0,0]],"o":[[0,0],[0,0],[0,0],[0,0]],"v":[[134.745,59.104],[-26.773,59.104],[-26.773,148.836],[134.745,148.836]]}],"t":36},{"s":[{"c":true,"i":[[0,0],[0,0],[0,0],[0,0]],"o":[[0,0],[0,0],[0,0],[0,0]],"v":[[134.745,-13.737],[-26.773,-13.737],[-26.773,75.995],[134.745,75.995]]}],"t":48}],"ix":1}}],"shapes":[{"ty":"gr","bm":0,"hd":false,"mn":"ADBE Vector Group","nm":"Group 1","ix":1,"cix":2,"np":2,"it":[{"ty":"sh","bm":0,"hd":false,"mn":"ADBE Vector Shape - Group","nm":"Path 1","ix":1,"d":1,"ks":{"a":0,"k":{"c":true,"i":[[12.561,-12.874],[-6.241,6.101],[-7.688,-7.578],[-2.583,2.622],[2.621,2.585]],"o":[[-6.169,6.143],[7.689,-7.578],[2.62,2.587],[2.585,-2.624],[-12.561,-12.874]],"v":[[-21.788,-1.36],[-12.426,8.132],[15.945,8.132],[25.372,8.067],[25.307,-1.36]]},"ix":2}},{"ty":"fl","bm":0,"hd":false,"mn":"ADBE Vector Graphic - Fill","nm":"Fill 1","c":{"a":0,"k":[0.8471,0.3765,0.0471],"ix":4},"r":1,"o":{"a":0,"k":100,"ix":5}},{"ty":"tr","a":{"a":0,"k":[0,0],"ix":1},"s":{"a":0,"k":[100,100],"ix":3},"sk":{"a":0,"k":0,"ix":4},"p":{"a":0,"k":[46.992,43.716],"ix":2},"r":{"a":0,"k":0,"ix":6},"sa":{"a":0,"k":0,"ix":5},"o":{"a":0,"k":100,"ix":7}}]},{"ty":"gr","bm":0,"hd":false,"mn":"ADBE Vector Group","nm":"Group 2","ix":2,"cix":2,"np":2,"it":[{"ty":"sh","bm":0,"hd":false,"mn":"ADBE Vector Shape - Group","nm":"Path 1","ix":1,"d":1,"ks":{"a":0,"k":{"c":true,"i":[[-6.201,6.144],[-12.405,0],[-8.844,-8.848],[6.152,6.193],[22.407,-23.345]],"o":[[8.844,-8.848],[12.406,0],[6.167,6.135],[-22.407,-23.343],[-6.122,6.186]],"v":[[-32.967,13.313],[-0.015,-0.403],[32.938,13.313],[42.365,3.887],[-42.394,3.887]]},"ix":2}},{"ty":"fl","bm":0,"hd":false,"mn":"ADBE Vector Graphic - Fill","nm":"Fill 1","c":{"a":0,"k":[0.8471,0.3765,0.0471],"ix":4},"r":1,"o":{"a":0,"k":100,"ix":5}},{"ty":"tr","a":{"a":0,"k":[0,0],"ix":1},"s":{"a":0,"k":[100,100],"ix":3},"sk":{"a":0,"k":0,"ix":4},"p":{"a":0,"k":[48.766,19.707],"ix":2},"r":{"a":0,"k":0,"ix":6},"sa":{"a":0,"k":0,"ix":5},"o":{"a":0,"k":100,"ix":7}}]}],"ind":4},{"ty":4,"nm":"signal 3","sr":1,"st":24,"op":96,"ip":24,"hd":false,"ddd":0,"bm":0,"hasMask":true,"ao":0,"ks":{"a":{"a":0,"k":[48.766,29.1,0],"ix":1},"s":{"a":0,"k":[100,100,100],"ix":6},"sk":{"a":0,"k":0},"p":{"a":0,"k":[362.682,92.454,0],"ix":2},"r":{"a":0,"k":0,"ix":10},"sa":{"a":0,"k":0},"o":{"a":1,"k":[{"o":{"x":0.167,"y":0.167},"i":{"x":0.833,"y":0.833},"s":[100],"t":36},{"s":[0],"t":39}],"ix":11}},"ef":[],"masksProperties":[{"nm":"Mask 1","inv":false,"mode":"a","x":{"a":0,"k":0,"ix":4},"o":{"a":0,"k":100,"ix":3},"pt":{"a":1,"k":[{"o":{"x":0.333,"y":0},"i":{"x":0.667,"y":1},"s":[{"c":true,"i":[[0,0],[0,0],[0,0],[0,0]],"o":[[0,0],[0,0],[0,0],[0,0]],"v":[[134.745,59.104],[-26.773,59.104],[-26.773,148.836],[134.745,148.836]]}],"t":24},{"s":[{"c":true,"i":[[0,0],[0,0],[0,0],[0,0]],"o":[[0,0],[0,0],[0,0],[0,0]],"v":[[134.745,-13.737],[-26.773,-13.737],[-26.773,75.995],[134.745,75.995]]}],"t":36}],"ix":1}}],"shapes":[{"ty":"gr","bm":0,"hd":false,"mn":"ADBE Vector Group","nm":"Group 1","ix":1,"cix":2,"np":2,"it":[{"ty":"sh","bm":0,"hd":false,"mn":"ADBE Vector Shape - Group","nm":"Path 1","ix":1,"d":1,"ks":{"a":0,"k":{"c":true,"i":[[12.561,-12.874],[-6.241,6.101],[-7.688,-7.578],[-2.583,2.622],[2.621,2.585]],"o":[[-6.169,6.143],[7.689,-7.578],[2.62,2.587],[2.585,-2.624],[-12.561,-12.874]],"v":[[-21.788,-1.36],[-12.426,8.132],[15.945,8.132],[25.372,8.067],[25.307,-1.36]]},"ix":2}},{"ty":"fl","bm":0,"hd":false,"mn":"ADBE Vector Graphic - Fill","nm":"Fill 1","c":{"a":0,"k":[0.8471,0.3765,0.0471],"ix":4},"r":1,"o":{"a":0,"k":100,"ix":5}},{"ty":"tr","a":{"a":0,"k":[0,0],"ix":1},"s":{"a":0,"k":[100,100],"ix":3},"sk":{"a":0,"k":0,"ix":4},"p":{"a":0,"k":[46.992,43.716],"ix":2},"r":{"a":0,"k":0,"ix":6},"sa":{"a":0,"k":0,"ix":5},"o":{"a":0,"k":100,"ix":7}}]},{"ty":"gr","bm":0,"hd":false,"mn":"ADBE Vector Group","nm":"Group 2","ix":2,"cix":2,"np":2,"it":[{"ty":"sh","bm":0,"hd":false,"mn":"ADBE Vector Shape - Group","nm":"Path 1","ix":1,"d":1,"ks":{"a":0,"k":{"c":true,"i":[[-6.201,6.144],[-12.405,0],[-8.844,-8.848],[6.152,6.193],[22.407,-23.345]],"o":[[8.844,-8.848],[12.406,0],[6.167,6.135],[-22.407,-23.343],[-6.122,6.186]],"v":[[-32.967,13.313],[-0.015,-0.403],[32.938,13.313],[42.365,3.887],[-42.394,3.887]]},"ix":2}},{"ty":"fl","bm":0,"hd":false,"mn":"ADBE Vector Graphic - Fill","nm":"Fill 1","c":{"a":0,"k":[0.8471,0.3765,0.0471],"ix":4},"r":1,"o":{"a":0,"k":100,"ix":5}},{"ty":"tr","a":{"a":0,"k":[0,0],"ix":1},"s":{"a":0,"k":[100,100],"ix":3},"sk":{"a":0,"k":0,"ix":4},"p":{"a":0,"k":[48.766,19.707],"ix":2},"r":{"a":0,"k":0,"ix":6},"sa":{"a":0,"k":0,"ix":5},"o":{"a":0,"k":100,"ix":7}}]}],"ind":5},{"ty":4,"nm":"signal 2","sr":1,"st":12,"op":84,"ip":12,"hd":false,"ddd":0,"bm":0,"hasMask":true,"ao":0,"ks":{"a":{"a":0,"k":[48.766,29.1,0],"ix":1},"s":{"a":0,"k":[100,100,100],"ix":6},"sk":{"a":0,"k":0},"p":{"a":0,"k":[362.682,92.454,0],"ix":2},"r":{"a":0,"k":0,"ix":10},"sa":{"a":0,"k":0},"o":{"a":1,"k":[{"o":{"x":0.167,"y":0.167},"i":{"x":0.833,"y":0.833},"s":[100],"t":24},{"s":[0],"t":27}],"ix":11}},"ef":[],"masksProperties":[{"nm":"Mask 1","inv":false,"mode":"a","x":{"a":0,"k":0,"ix":4},"o":{"a":0,"k":100,"ix":3},"pt":{"a":1,"k":[{"o":{"x":0.333,"y":0},"i":{"x":0.667,"y":1},"s":[{"c":true,"i":[[0,0],[0,0],[0,0],[0,0]],"o":[[0,0],[0,0],[0,0],[0,0]],"v":[[134.745,59.104],[-26.773,59.104],[-26.773,148.836],[134.745,148.836]]}],"t":12},{"s":[{"c":true,"i":[[0,0],[0,0],[0,0],[0,0]],"o":[[0,0],[0,0],[0,0],[0,0]],"v":[[134.745,-13.737],[-26.773,-13.737],[-26.773,75.995],[134.745,75.995]]}],"t":24}],"ix":1}}],"shapes":[{"ty":"gr","bm":0,"hd":false,"mn":"ADBE Vector Group","nm":"Group 1","ix":1,"cix":2,"np":2,"it":[{"ty":"sh","bm":0,"hd":false,"mn":"ADBE Vector Shape - Group","nm":"Path 1","ix":1,"d":1,"ks":{"a":0,"k":{"c":true,"i":[[12.561,-12.874],[-6.241,6.101],[-7.688,-7.578],[-2.583,2.622],[2.621,2.585]],"o":[[-6.169,6.143],[7.689,-7.578],[2.62,2.587],[2.585,-2.624],[-12.561,-12.874]],"v":[[-21.788,-1.36],[-12.426,8.132],[15.945,8.132],[25.372,8.067],[25.307,-1.36]]},"ix":2}},{"ty":"fl","bm":0,"hd":false,"mn":"ADBE Vector Graphic - Fill","nm":"Fill 1","c":{"a":0,"k":[0.8471,0.3765,0.0471],"ix":4},"r":1,"o":{"a":0,"k":100,"ix":5}},{"ty":"tr","a":{"a":0,"k":[0,0],"ix":1},"s":{"a":0,"k":[100,100],"ix":3},"sk":{"a":0,"k":0,"ix":4},"p":{"a":0,"k":[46.992,43.716],"ix":2},"r":{"a":0,"k":0,"ix":6},"sa":{"a":0,"k":0,"ix":5},"o":{"a":0,"k":100,"ix":7}}]},{"ty":"gr","bm":0,"hd":false,"mn":"ADBE Vector Group","nm":"Group 2","ix":2,"cix":2,"np":2,"it":[{"ty":"sh","bm":0,"hd":false,"mn":"ADBE Vector Shape - Group","nm":"Path 1","ix":1,"d":1,"ks":{"a":0,"k":{"c":true,"i":[[-6.201,6.144],[-12.405,0],[-8.844,-8.848],[6.152,6.193],[22.407,-23.345]],"o":[[8.844,-8.848],[12.406,0],[6.167,6.135],[-22.407,-23.343],[-6.122,6.186]],"v":[[-32.967,13.313],[-0.015,-0.403],[32.938,13.313],[42.365,3.887],[-42.394,3.887]]},"ix":2}},{"ty":"fl","bm":0,"hd":false,"mn":"ADBE Vector Graphic - Fill","nm":"Fill 1","c":{"a":0,"k":[0.8471,0.3765,0.0471],"ix":4},"r":1,"o":{"a":0,"k":100,"ix":5}},{"ty":"tr","a":{"a":0,"k":[0,0],"ix":1},"s":{"a":0,"k":[100,100],"ix":3},"sk":{"a":0,"k":0,"ix":4},"p":{"a":0,"k":[48.766,19.707],"ix":2},"r":{"a":0,"k":0,"ix":6},"sa":{"a":0,"k":0,"ix":5},"o":{"a":0,"k":100,"ix":7}}]}],"ind":6},{"ty":4,"nm":"signal","sr":1,"st":0,"op":72,"ip":0,"hd":false,"ddd":0,"bm":0,"hasMask":true,"ao":0,"ks":{"a":{"a":0,"k":[48.766,29.1,0],"ix":1},"s":{"a":0,"k":[100,100,100],"ix":6},"sk":{"a":0,"k":0},"p":{"a":0,"k":[362.682,92.454,0],"ix":2},"r":{"a":0,"k":0,"ix":10},"sa":{"a":0,"k":0},"o":{"a":1,"k":[{"o":{"x":0.167,"y":0.167},"i":{"x":0.833,"y":0.833},"s":[100],"t":12},{"s":[0],"t":15}],"ix":11}},"ef":[],"masksProperties":[{"nm":"Mask 1","inv":false,"mode":"a","x":{"a":0,"k":0,"ix":4},"o":{"a":0,"k":100,"ix":3},"pt":{"a":1,"k":[{"o":{"x":0.333,"y":0},"i":{"x":0.667,"y":1},"s":[{"c":true,"i":[[0,0],[0,0],[0,0],[0,0]],"o":[[0,0],[0,0],[0,0],[0,0]],"v":[[134.745,59.104],[-26.773,59.104],[-26.773,148.836],[134.745,148.836]]}],"t":0},{"s":[{"c":true,"i":[[0,0],[0,0],[0,0],[0,0]],"o":[[0,0],[0,0],[0,0],[0,0]],"v":[[134.745,-13.737],[-26.773,-13.737],[-26.773,75.995],[134.745,75.995]]}],"t":12}],"ix":1}}],"shapes":[{"ty":"gr","bm":0,"hd":false,"mn":"ADBE Vector Group","nm":"Group 1","ix":1,"cix":2,"np":2,"it":[{"ty":"sh","bm":0,"hd":false,"mn":"ADBE Vector Shape - Group","nm":"Path 1","ix":1,"d":1,"ks":{"a":0,"k":{"c":true,"i":[[12.561,-12.874],[-6.241,6.101],[-7.688,-7.578],[-2.583,2.622],[2.621,2.585]],"o":[[-6.169,6.143],[7.689,-7.578],[2.62,2.587],[2.585,-2.624],[-12.561,-12.874]],"v":[[-21.788,-1.36],[-12.426,8.132],[15.945,8.132],[25.372,8.067],[25.307,-1.36]]},"ix":2}},{"ty":"fl","bm":0,"hd":false,"mn":"ADBE Vector Graphic - Fill","nm":"Fill 1","c":{"a":0,"k":[0.8471,0.3765,0.0471],"ix":4},"r":1,"o":{"a":0,"k":100,"ix":5}},{"ty":"tr","a":{"a":0,"k":[0,0],"ix":1},"s":{"a":0,"k":[100,100],"ix":3},"sk":{"a":0,"k":0,"ix":4},"p":{"a":0,"k":[46.992,43.716],"ix":2},"r":{"a":0,"k":0,"ix":6},"sa":{"a":0,"k":0,"ix":5},"o":{"a":0,"k":100,"ix":7}}]},{"ty":"gr","bm":0,"hd":false,"mn":"ADBE Vector Group","nm":"Group 2","ix":2,"cix":2,"np":2,"it":[{"ty":"sh","bm":0,"hd":false,"mn":"ADBE Vector Shape - Group","nm":"Path 1","ix":1,"d":1,"ks":{"a":0,"k":{"c":true,"i":[[-6.201,6.144],[-12.405,0],[-8.844,-8.848],[6.152,6.193],[22.407,-23.345]],"o":[[8.844,-8.848],[12.406,0],[6.167,6.135],[-22.407,-23.343],[-6.122,6.186]],"v":[[-32.967,13.313],[-0.015,-0.403],[32.938,13.313],[42.365,3.887],[-42.394,3.887]]},"ix":2}},{"ty":"fl","bm":0,"hd":false,"mn":"ADBE Vector Graphic - Fill","nm":"Fill 1","c":{"a":0,"k":[0.8471,0.3765,0.0471],"ix":4},"r":1,"o":{"a":0,"k":100,"ix":5}},{"ty":"tr","a":{"a":0,"k":[0,0],"ix":1},"s":{"a":0,"k":[100,100],"ix":3},"sk":{"a":0,"k":0,"ix":4},"p":{"a":0,"k":[48.766,19.707],"ix":2},"r":{"a":0,"k":0,"ix":6},"sa":{"a":0,"k":0,"ix":5},"o":{"a":0,"k":100,"ix":7}}]}],"ind":7},{"ty":4,"nm":"button 3","sr":1,"st":0,"op":72,"ip":0,"hd":false,"ddd":0,"bm":0,"hasMask":false,"ao":0,"ks":{"a":{"a":0,"k":[15.681,6.916,0],"ix":1},"s":{"a":0,"k":[100,100,100],"ix":6},"sk":{"a":0,"k":0},"p":{"a":0,"k":[402.667,302.56,0],"ix":2},"r":{"a":0,"k":0,"ix":10},"sa":{"a":0,"k":0},"o":{"a":0,"k":100,"ix":11}},"ef":[],"shapes":[{"ty":"gr","bm":0,"hd":false,"mn":"ADBE Vector Group","nm":"Group 1","ix":1,"cix":2,"np":2,"it":[{"ty":"sh","bm":0,"hd":false,"mn":"ADBE Vector Shape - Group","nm":"Path 1","ix":1,"d":1,"ks":{"a":0,"k":{"c":true,"i":[[8.765,0.146],[0,0],[-8.765,-0.146],[0,0]],"o":[[0,0],[-8.76,0.145],[0,0],[8.759,-0.145]],"v":[[6.667,-6.667],[-6.666,-6.667],[-6.666,6.667],[6.667,6.667]]},"ix":2}},{"ty":"fl","bm":0,"hd":false,"mn":"ADBE Vector Graphic - Fill","nm":"Fill 1","c":{"a":0,"k":[0.8471,0.3765,0.0471],"ix":4},"r":1,"o":{"a":0,"k":100,"ix":5}},{"ty":"tr","a":{"a":0,"k":[0,0],"ix":1},"s":{"a":0,"k":[100,100],"ix":3},"sk":{"a":0,"k":0,"ix":4},"p":{"a":0,"k":[15.681,6.917],"ix":2},"r":{"a":0,"k":0,"ix":6},"sa":{"a":0,"k":0,"ix":5},"o":{"a":0,"k":100,"ix":7}}]}],"ind":8},{"ty":4,"nm":"button 2","sr":1,"st":0,"op":72,"ip":0,"hd":false,"ddd":0,"bm":0,"hasMask":false,"ao":0,"ks":{"a":{"a":0,"k":[15.681,6.916,0],"ix":1},"s":{"a":0,"k":[100,100,100],"ix":6},"sk":{"a":0,"k":0},"p":{"a":0,"k":[369.333,302.56,0],"ix":2},"r":{"a":0,"k":0,"ix":10},"sa":{"a":0,"k":0},"o":{"a":0,"k":100,"ix":11}},"ef":[],"shapes":[{"ty":"gr","bm":0,"hd":false,"mn":"ADBE Vector Group","nm":"Group 1","ix":1,"cix":2,"np":2,"it":[{"ty":"sh","bm":0,"hd":false,"mn":"ADBE Vector Shape - Group","nm":"Path 1","ix":1,"d":1,"ks":{"a":0,"k":{"c":true,"i":[[8.765,0.146],[0,0],[-8.765,-0.146],[0,0]],"o":[[0,0],[-8.76,0.145],[0,0],[8.759,-0.145]],"v":[[6.667,-6.667],[-6.666,-6.667],[-6.666,6.667],[6.667,6.667]]},"ix":2}},{"ty":"fl","bm":0,"hd":false,"mn":"ADBE Vector Graphic - Fill","nm":"Fill 1","c":{"a":0,"k":[0.8471,0.3765,0.0471],"ix":4},"r":1,"o":{"a":0,"k":100,"ix":5}},{"ty":"tr","a":{"a":0,"k":[0,0],"ix":1},"s":{"a":0,"k":[100,100],"ix":3},"sk":{"a":0,"k":0,"ix":4},"p":{"a":0,"k":[15.681,6.917],"ix":2},"r":{"a":0,"k":0,"ix":6},"sa":{"a":0,"k":0,"ix":5},"o":{"a":0,"k":100,"ix":7}}]}],"ind":9},{"ty":4,"nm":"button 1","sr":1,"st":0,"op":72,"ip":0,"hd":false,"ddd":0,"bm":0,"hasMask":false,"ao":0,"ks":{"a":{"a":0,"k":[15.682,6.916,0],"ix":1},"s":{"a":0,"k":[100,100,100],"ix":6},"sk":{"a":0,"k":0},"p":{"a":0,"k":[336,302.56,0],"ix":2},"r":{"a":0,"k":0,"ix":10},"sa":{"a":0,"k":0},"o":{"a":1,"k":[{"o":{"x":0.333,"y":0},"i":{"x":0.667,"y":1},"s":[100],"t":0},{"o":{"x":0.333,"y":0},"i":{"x":0.667,"y":1},"s":[0],"t":3},{"o":{"x":0.333,"y":0},"i":{"x":0.667,"y":1},"s":[100],"t":6},{"o":{"x":0.333,"y":0},"i":{"x":0.667,"y":1},"s":[0],"t":9},{"s":[100],"t":12}],"ix":11}},"ef":[],"shapes":[{"ty":"gr","bm":0,"hd":false,"mn":"ADBE Vector Group","nm":"Group 1","ix":1,"cix":2,"np":2,"it":[{"ty":"sh","bm":0,"hd":false,"mn":"ADBE Vector Shape - Group","nm":"Path 1","ix":1,"d":1,"ks":{"a":0,"k":{"c":true,"i":[[8.765,0.146],[0,0],[-8.765,-0.146],[0,0]],"o":[[0,0],[-8.76,0.145],[0,0],[8.759,-0.145]],"v":[[6.667,-6.667],[-6.666,-6.667],[-6.666,6.667],[6.667,6.667]]},"ix":2}},{"ty":"fl","bm":0,"hd":false,"mn":"ADBE Vector Graphic - Fill","nm":"Fill 1","c":{"a":0,"k":[0.8471,0.3765,0.0471],"ix":4},"r":1,"o":{"a":0,"k":100,"ix":5}},{"ty":"tr","a":{"a":0,"k":[0,0],"ix":1},"s":{"a":0,"k":[100,100],"ix":3},"sk":{"a":0,"k":0,"ix":4},"p":{"a":0,"k":[15.681,6.917],"ix":2},"r":{"a":0,"k":0,"ix":6},"sa":{"a":0,"k":0,"ix":5},"o":{"a":0,"k":100,"ix":7}}]}],"ind":10},{"ty":4,"nm":"wind 2","sr":1,"st":16,"op":88,"ip":16,"hd":false,"ddd":0,"bm":0,"hasMask":true,"ao":0,"ks":{"a":{"a":0,"k":[100.859,37.888,0],"ix":1},"s":{"a":0,"k":[100,100,100],"ix":6},"sk":{"a":0,"k":0},"p":{"a":0,"k":[256,413.296,0],"ix":2},"r":{"a":0,"k":0,"ix":10},"sa":{"a":0,"k":0},"o":{"a":1,"k":[{"o":{"x":0.333,"y":0},"i":{"x":0.667,"y":1},"s":[100],"t":64.501},{"s":[0],"t":71}],"ix":11}},"ef":[],"masksProperties":[{"nm":"Mask 1","inv":false,"mode":"a","x":{"a":0,"k":0,"ix":4},"o":{"a":0,"k":100,"ix":3},"pt":{"a":1,"k":[{"o":{"x":0.333,"y":0},"i":{"x":0,"y":1},"s":[{"c":true,"i":[[0,0],[0,0],[0,0],[0,0]],"o":[[0,0],[0,0],[0,0],[0,0]],"v":[[224.859,-14.409],[-43.141,-14.409],[-43.141,-4.409],[224.859,-4.409]]}],"t":52.8},{"s":[{"c":true,"i":[[0,0],[0,0],[0,0],[0,0]],"o":[[0,0],[0,0],[0,0],[0,0]],"v":[[224.859,-9.909],[-43.141,-9.909],[-43.141,86.091],[224.859,86.091]]}],"t":64.5009765625}],"ix":1}}],"shapes":[{"ty":"gr","bm":0,"hd":false,"mn":"ADBE Vector Group","nm":"Group 1","ix":1,"cix":2,"np":2,"it":[{"ty":"sh","bm":0,"hd":false,"mn":"ADBE Vector Shape - Group","nm":"Path 1","ix":1,"d":1,"ks":{"a":0,"k":{"c":true,"i":[[3.604,0.749],[10.104,12.188],[0.442,6.25],[3.669,-0.234],[-10.693,-12.366],[-2.725,13.682]],"o":[[-6.702,-1.387],[-9.245,-11.146],[-0.261,-3.672],[-13.421,0.754],[10.695,13.849],[0.749,-3.608]],"v":[[27.997,16.059],[-1.558,-1.669],[-13.374,-31.22],[-20.497,-37.392],[-11.825,6.847],[33.169,23.944]]},"ix":2}},{"ty":"fl","bm":0,"hd":false,"mn":"ADBE Vector Graphic - Fill","nm":"Fill 1","c":{"a":0,"k":[0.8471,0.3765,0.0471],"ix":4},"r":1,"o":{"a":0,"k":100,"ix":5}},{"ty":"tr","a":{"a":0,"k":[0,0],"ix":1},"s":{"a":0,"k":[100,100],"ix":3},"sk":{"a":0,"k":0,"ix":4},"p":{"a":0,"k":[167.55,37.896],"ix":2},"r":{"a":0,"k":0,"ix":6},"sa":{"a":0,"k":0,"ix":5},"o":{"a":0,"k":100,"ix":7}}]},{"ty":"gr","bm":0,"hd":false,"mn":"ADBE Vector Group","nm":"Group 2","ix":2,"cix":2,"np":2,"it":[{"ty":"sh","bm":0,"hd":false,"mn":"ADBE Vector Shape - Group","nm":"Path 1","ix":1,"d":1,"ks":{"a":0,"k":{"c":true,"i":[[13.403,0.715],[0.263,-3.672],[9.245,-11.146],[6.703,-1.387],[-0.749,-3.607],[-10.676,13.844]],"o":[[-3.639,-0.254],[-0.443,6.25],[-10.101,12.187],[-3.607,0.748],[2.699,13.686],[10.706,-12.358]],"v":[[20.506,-37.383],[13.383,-31.211],[1.566,-1.661],[-27.988,16.068],[-33.16,23.951],[11.833,6.855]]},"ix":2}},{"ty":"fl","bm":0,"hd":false,"mn":"ADBE Vector Graphic - Fill","nm":"Fill 1","c":{"a":0,"k":[0.8471,0.3765,0.0471],"ix":4},"r":1,"o":{"a":0,"k":100,"ix":5}},{"ty":"tr","a":{"a":0,"k":[0,0],"ix":1},"s":{"a":0,"k":[100,100],"ix":3},"sk":{"a":0,"k":0,"ix":4},"p":{"a":0,"k":[34.159,37.888],"ix":2},"r":{"a":0,"k":0,"ix":6},"sa":{"a":0,"k":0,"ix":5},"o":{"a":0,"k":100,"ix":7}}]},{"ty":"gr","bm":0,"hd":false,"mn":"ADBE Vector Group","nm":"Group 3","ix":3,"cix":2,"np":2,"it":[{"ty":"sh","bm":0,"hd":false,"mn":"ADBE Vector Shape - Group","nm":"Path 1","ix":1,"d":1,"ks":{"a":0,"k":{"c":true,"i":[[3.682,0],[0,-3.685],[0,0],[-3.682,0],[0,3.685],[0,0]],"o":[[-3.682,0],[0,0],[0,3.685],[3.682,0],[0,0],[0,-3.685]],"v":[[0,-33.333],[-6.667,-26.666],[-6.667,26.667],[0,33.333],[6.667,26.667],[6.667,-26.666]]},"ix":2}},{"ty":"fl","bm":0,"hd":false,"mn":"ADBE Vector Graphic - Fill","nm":"Fill 1","c":{"a":0,"k":[0.8471,0.3765,0.0471],"ix":4},"r":1,"o":{"a":0,"k":100,"ix":5}},{"ty":"tr","a":{"a":0,"k":[0,0],"ix":1},"s":{"a":0,"k":[100,100],"ix":3},"sk":{"a":0,"k":0,"ix":4},"p":{"a":0,"k":[100.859,33.818],"ix":2},"r":{"a":0,"k":0,"ix":6},"sa":{"a":0,"k":0,"ix":5},"o":{"a":0,"k":100,"ix":7}}]}],"ind":11},{"ty":4,"nm":"wind","sr":1,"st":0,"op":72,"ip":0,"hd":false,"ddd":0,"bm":0,"hasMask":true,"ao":0,"ks":{"a":{"a":0,"k":[100.859,37.888,0],"ix":1},"s":{"a":0,"k":[100,100,100],"ix":6},"sk":{"a":0,"k":0},"p":{"a":0,"k":[256,413.296,0],"ix":2},"r":{"a":0,"k":0,"ix":10},"sa":{"a":0,"k":0},"o":{"a":1,"k":[{"o":{"x":0.333,"y":0},"i":{"x":0.667,"y":1},"s":[100],"t":43.7},{"s":[0],"t":50.2001953125}],"ix":11}},"ef":[],"masksProperties":[{"nm":"Mask 1","inv":false,"mode":"a","x":{"a":0,"k":0,"ix":4},"o":{"a":0,"k":100,"ix":3},"pt":{"a":1,"k":[{"o":{"x":0.333,"y":0},"i":{"x":0,"y":1},"s":[{"c":true,"i":[[0,0],[0,0],[0,0],[0,0]],"o":[[0,0],[0,0],[0,0],[0,0]],"v":[[224.859,-14.409],[-43.141,-14.409],[-43.141,-4.409],[224.859,-4.409]]}],"t":32},{"s":[{"c":true,"i":[[0,0],[0,0],[0,0],[0,0]],"o":[[0,0],[0,0],[0,0],[0,0]],"v":[[224.859,-9.909],[-43.141,-9.909],[-43.141,86.091],[224.859,86.091]]}],"t":43.7001953125}],"ix":1}}],"shapes":[{"ty":"gr","bm":0,"hd":false,"mn":"ADBE Vector Group","nm":"Group 1","ix":1,"cix":2,"np":2,"it":[{"ty":"sh","bm":0,"hd":false,"mn":"ADBE Vector Shape - Group","nm":"Path 1","ix":1,"d":1,"ks":{"a":0,"k":{"c":true,"i":[[3.604,0.749],[10.104,12.188],[0.442,6.25],[3.669,-0.234],[-10.693,-12.366],[-2.725,13.682]],"o":[[-6.702,-1.387],[-9.245,-11.146],[-0.261,-3.672],[-13.421,0.754],[10.695,13.849],[0.749,-3.608]],"v":[[27.997,16.059],[-1.558,-1.669],[-13.374,-31.22],[-20.497,-37.392],[-11.825,6.847],[33.169,23.944]]},"ix":2}},{"ty":"fl","bm":0,"hd":false,"mn":"ADBE Vector Graphic - Fill","nm":"Fill 1","c":{"a":0,"k":[0.8471,0.3765,0.0471],"ix":4},"r":1,"o":{"a":0,"k":100,"ix":5}},{"ty":"tr","a":{"a":0,"k":[0,0],"ix":1},"s":{"a":0,"k":[100,100],"ix":3},"sk":{"a":0,"k":0,"ix":4},"p":{"a":0,"k":[167.55,37.896],"ix":2},"r":{"a":0,"k":0,"ix":6},"sa":{"a":0,"k":0,"ix":5},"o":{"a":0,"k":100,"ix":7}}]},{"ty":"gr","bm":0,"hd":false,"mn":"ADBE Vector Group","nm":"Group 2","ix":2,"cix":2,"np":2,"it":[{"ty":"sh","bm":0,"hd":false,"mn":"ADBE Vector Shape - Group","nm":"Path 1","ix":1,"d":1,"ks":{"a":0,"k":{"c":true,"i":[[13.403,0.715],[0.263,-3.672],[9.245,-11.146],[6.703,-1.387],[-0.749,-3.607],[-10.676,13.844]],"o":[[-3.639,-0.254],[-0.443,6.25],[-10.101,12.187],[-3.607,0.748],[2.699,13.686],[10.706,-12.358]],"v":[[20.506,-37.383],[13.383,-31.211],[1.566,-1.661],[-27.988,16.068],[-33.16,23.951],[11.833,6.855]]},"ix":2}},{"ty":"fl","bm":0,"hd":false,"mn":"ADBE Vector Graphic - Fill","nm":"Fill 1","c":{"a":0,"k":[0.8471,0.3765,0.0471],"ix":4},"r":1,"o":{"a":0,"k":100,"ix":5}},{"ty":"tr","a":{"a":0,"k":[0,0],"ix":1},"s":{"a":0,"k":[100,100],"ix":3},"sk":{"a":0,"k":0,"ix":4},"p":{"a":0,"k":[34.159,37.888],"ix":2},"r":{"a":0,"k":0,"ix":6},"sa":{"a":0,"k":0,"ix":5},"o":{"a":0,"k":100,"ix":7}}]},{"ty":"gr","bm":0,"hd":false,"mn":"ADBE Vector Group","nm":"Group 3","ix":3,"cix":2,"np":2,"it":[{"ty":"sh","bm":0,"hd":false,"mn":"ADBE Vector Shape - Group","nm":"Path 1","ix":1,"d":1,"ks":{"a":0,"k":{"c":true,"i":[[3.682,0],[0,-3.685],[0,0],[-3.682,0],[0,3.685],[0,0]],"o":[[-3.682,0],[0,0],[0,3.685],[3.682,0],[0,0],[0,-3.685]],"v":[[0,-33.333],[-6.667,-26.666],[-6.667,26.667],[0,33.333],[6.667,26.667],[6.667,-26.666]]},"ix":2}},{"ty":"fl","bm":0,"hd":false,"mn":"ADBE Vector Graphic - Fill","nm":"Fill 1","c":{"a":0,"k":[0.8471,0.3765,0.0471],"ix":4},"r":1,"o":{"a":0,"k":100,"ix":5}},{"ty":"tr","a":{"a":0,"k":[0,0],"ix":1},"s":{"a":0,"k":[100,100],"ix":3},"sk":{"a":0,"k":0,"ix":4},"p":{"a":0,"k":[100.859,33.818],"ix":2},"r":{"a":0,"k":0,"ix":6},"sa":{"a":0,"k":0,"ix":5},"o":{"a":0,"k":100,"ix":7}}]}],"ind":12},{"ty":4,"nm":"body","sr":1,"st":0,"op":72,"ip":0,"hd":false,"ddd":0,"bm":0,"hasMask":true,"ao":0,"ks":{"a":{"a":0,"k":[200.25,116.917,0],"ix":1},"s":{"a":0,"k":[100,100,100],"ix":6},"sk":{"a":0,"k":0},"p":{"a":0,"k":[256,245.893,0],"ix":2},"r":{"a":0,"k":0,"ix":10},"sa":{"a":0,"k":0},"o":{"a":0,"k":100,"ix":11}},"ef":[],"masksProperties":[{"nm":"Mask 1","inv":false,"mode":"s","x":{"a":0,"k":0,"ix":4},"o":{"a":0,"k":100,"ix":3},"pt":{"a":1,"k":[{"o":{"x":0.215,"y":0},"i":{"x":0.149,"y":1},"s":[{"c":true,"i":[[0,0],[0,0],[0,0],[0,0]],"o":[[0,0],[0,0],[0,0],[0,0]],"v":[[378.25,206.774],[13.25,206.774],[13.25,242.024],[378.25,242.024]]}],"t":12},{"s":[{"c":true,"i":[[0,0],[0,0],[0,0],[0,0]],"o":[[0,0],[0,0],[0,0],[0,0]],"v":[[378.75,238.274],[13.75,238.274],[13.75,273.524],[378.75,273.524]]}],"t":32}],"ix":1}}],"shapes":[{"ty":"gr","bm":0,"hd":false,"mn":"ADBE Vector Group","nm":"Group 1","ix":1,"cix":2,"np":12,"it":[{"ty":"sh","bm":0,"hd":false,"mn":"ADBE Vector Shape - Group","nm":"Path 1","ix":1,"d":1,"ks":{"a":0,"k":{"c":true,"i":[[0,0],[3.675,0],[0,0],[0,3.678],[0,0],[-3.675,0],[0,0],[0,0],[-14.703,0],[0,0],[0,14.707],[0,0],[0,0],[0,-3.678]],"o":[[0,3.678],[0,0],[-3.675,0],[0,0],[0,-3.678],[0,0],[0,0],[0,14.707],[0,0],[14.704,0],[0,0],[0,0],[3.675,0],[0,0]],"v":[[186.667,70],[180,76.667],[-180,76.667],[-186.666,70],[-186.666,-96.667],[-180,-103.333],[-166.666,-103.333],[-166.666,10],[-140,36.667],[140,36.667],[166.667,10],[166.667,-103.333],[180,-103.333],[186.667,-96.667]]},"ix":2}},{"ty":"sh","bm":0,"hd":false,"mn":"ADBE Vector Shape - Group","nm":"Path 2","ix":2,"d":1,"ks":{"a":0,"k":{"c":true,"i":[[0,0],[3.063,0],[0,0],[0,0],[0,0]],"o":[[-0.742,2.976],[0,0],[0,0],[0,0],[0,0]],"v":[[156.058,98.281],[149.59,103.333],[106.667,103.333],[106.667,90],[158.129,90]]},"ix":2}},{"ty":"sh","bm":0,"hd":false,"mn":"ADBE Vector Shape - Group","nm":"Path 3","ix":3,"d":1,"ks":{"a":0,"k":{"c":true,"i":[[0,0],[0,0],[0,0],[0,0]],"o":[[0,0],[0,0],[0,0],[0,0]],"v":[[93.334,103.333],[40.001,103.333],[40.001,90],[93.334,90]]},"ix":2}},{"ty":"sh","bm":0,"hd":false,"mn":"ADBE Vector Shape - Group","nm":"Path 4","ix":4,"d":1,"ks":{"a":0,"k":{"c":false,"i":[[0,0]],"o":[[0,0]],"v":[[93.334,90]]},"ix":2}},{"ty":"sh","bm":0,"hd":false,"mn":"ADBE Vector Shape - Group","nm":"Path 5","ix":5,"d":1,"ks":{"a":0,"k":{"c":true,"i":[[0,0],[0,0],[0,0],[0,0]],"o":[[0,0],[0,0],[0,0],[0,0]],"v":[[26.667,103.333],[-26.666,103.333],[-26.666,90],[26.667,90]]},"ix":2}},{"ty":"sh","bm":0,"hd":false,"mn":"ADBE Vector Shape - Group","nm":"Path 6","ix":6,"d":1,"ks":{"a":0,"k":{"c":false,"i":[[0,0]],"o":[[0,0]],"v":[[26.667,90]]},"ix":2}},{"ty":"sh","bm":0,"hd":false,"mn":"ADBE Vector Shape - Group","nm":"Path 7","ix":7,"d":1,"ks":{"a":0,"k":{"c":true,"i":[[0,0],[0,0],[0,0],[0,0]],"o":[[0,0],[0,0],[0,0],[0,0]],"v":[[-40,103.333],[-93.333,103.333],[-93.333,90],[-40,90]]},"ix":2}},{"ty":"sh","bm":0,"hd":false,"mn":"ADBE Vector Shape - Group","nm":"Path 8","ix":8,"d":1,"ks":{"a":0,"k":{"c":false,"i":[[0,0]],"o":[[0,0]],"v":[[-40,90]]},"ix":2}},{"ty":"sh","bm":0,"hd":false,"mn":"ADBE Vector Shape - Group","nm":"Path 9","ix":9,"d":1,"ks":{"a":0,"k":{"c":true,"i":[[0.743,2.969],[0,0],[0,0],[0,0],[0,0]],"o":[[0,0],[0,0],[0,0],[0,0],[-3.063,0]],"v":[[-156.058,98.288],[-158.128,90],[-106.666,90],[-106.666,103.333],[-149.59,103.333]]},"ix":2}},{"ty":"sh","bm":0,"hd":false,"mn":"ADBE Vector Shape - Group","nm":"Path 10","ix":10,"d":1,"ks":{"a":0,"k":{"c":true,"i":[[11.029,0],[0,0],[0,-11.028],[0,0],[-11.028,0],[0,0],[0,0],[-9.192,0],[0,0],[-2.233,8.919],[0,0],[0,0],[0,11.029],[0,0]],"o":[[0,0],[-11.028,0],[0,0],[0,11.029],[0,0],[0,0],[2.233,8.913],[0,0],[9.193,0],[0,0],[0,0],[11.029,0],[0,0],[0,-11.028]],"v":[[180,-116.667],[-180,-116.667],[-200,-96.667],[-200,70],[-180,90],[-171.872,90],[-168.994,101.523],[-149.59,116.667],[149.59,116.667],[168.994,101.517],[171.873,90],[180,90],[200,70],[200,-96.667]]},"ix":2}},{"ty":"mm","bm":0,"hd":false,"mn":"ADBE Vector Filter - Merge","nm":"Merge Paths 1","mm":1},{"ty":"fl","bm":0,"hd":false,"mn":"ADBE Vector Graphic - Fill","nm":"Fill 1","c":{"a":0,"k":[0.8471,0.3765,0.0471],"ix":4},"r":1,"o":{"a":0,"k":100,"ix":5}},{"ty":"tr","a":{"a":0,"k":[0,0],"ix":1},"s":{"a":0,"k":[100,100],"ix":3},"sk":{"a":0,"k":0,"ix":4},"p":{"a":0,"k":[200.25,116.917],"ix":2},"r":{"a":0,"k":0,"ix":6},"sa":{"a":0,"k":0,"ix":5},"o":{"a":0,"k":100,"ix":7}}]}],"ind":13}],"v":"4.8.0","fr":24,"op":72,"ip":0,"assets":[]}