{"v":"5.5.2","fr":60,"ip":0,"op":40,"w":600,"h":600,"nm":"loading_jump_rope","ddd":0,"assets":[],"layers":[{"ddd":0,"ind":1,"ty":4,"nm":"rope (front)","sr":1,"ks":{"o":{"a":1,"k":[{"i":{"x":[0.833],"y":[0.833]},"o":{"x":[0.167],"y":[0.167]},"t":20,"s":[0]},{"i":{"x":[0.833],"y":[0.833]},"o":{"x":[0.167],"y":[0.167]},"t":23,"s":[99]},{"t":40,"s":[99]}],"ix":11},"r":{"a":0,"k":0,"ix":10},"p":{"a":1,"k":[{"i":{"x":0.667,"y":1},"o":{"x":0.167,"y":0.167},"t":0,"s":[292.392,385.545,0],"to":[0,0,0],"ti":[0,0,0]},{"i":{"x":0.833,"y":0.833},"o":{"x":0.333,"y":0},"t":20,"s":[292.392,155.545,0],"to":[0,0,0],"ti":[0,0,0]},{"t":40,"s":[292.392,385.545,0]}],"ix":2},"a":{"a":0,"k":[0,0,0],"ix":1},"s":{"a":1,"k":[{"i":{"x":[0.667,0.667,0.667],"y":[1,1,1]},"o":{"x":[0.167,0.167,0.167],"y":[0.167,0.167,-0.361]},"t":0,"s":[100,-100,100]},{"i":{"x":[0.833,0.833,0.833],"y":[0.833,0.833,0.639]},"o":{"x":[0.333,0.333,0.333],"y":[0,0,0]},"t":20,"s":[97.836,100,100]},{"t":40,"s":[100,-100,100]}],"ix":6}},"ao":0,"shapes":[{"ty":"gr","it":[{"ind":0,"ty":"sh","ix":1,"ks":{"a":0,"k":{"i":[[0,0],[-2.13,15.89],[-2.72,7.45],[-5.54,5.82],[-14.69,-0.57],[0,0],[9.03,-9.49],[1.94,-14.54],[-0.01,-0.12]],"o":[[-0.01,-0.13],[1.25,-9.35],[3.41,-9.34],[9.25,-9.72],[0,0],[-14.37,-0.55],[-12.33,12.95],[-2.11,15.79],[0,0]],"v":[[-55.83,45.5],[-54.55,16.5],[-48.57,-8.81],[-35.08,-31.66],[1,-45.45],[0.96,-44.37],[-34.31,-30.9],[-53.49,16.64],[-54.76,45.42]],"c":true},"ix":2},"nm":"Path 1","mn":"ADBE Vector Shape - Group","hd":false},{"ind":1,"ty":"sh","ix":2,"ks":{"a":0,"k":{"i":[[0,0],[0,0],[2.11,15.79],[12.33,12.94],[14.37,-0.55],[0,0],[-9.25,-9.72],[-3.41,-9.34],[-1.25,-9.35],[0.01,-0.13]],"o":[[0,0],[0.01,-0.12],[-1.95,-14.53],[-9.03,-9.49],[0,0],[14.69,-0.57],[5.54,5.82],[2.72,7.45],[2.13,15.89],[0,0]],"v":[[55.83,45.5],[54.76,45.42],[53.49,16.62],[34.31,-30.9],[-0.96,-44.37],[-1,-45.45],[35.08,-31.66],[48.57,-8.81],[54.55,16.5],[55.83,45.5]],"c":false},"ix":2},"nm":"Path 2","mn":"ADBE Vector Shape - Group","hd":false},{"ty":"mm","mm":2,"nm":"Merge Paths 1","mn":"ADBE Vector Filter - Merge","hd":false},{"ty":"fl","c":{"a":0,"k":[0.501960992813,0.933332979679,0.858824014664,1],"ix":4},"o":{"a":0,"k":100,"ix":5},"r":1,"bm":0,"nm":"Fill 1","mn":"ADBE Vector Graphic - Fill","hd":false},{"ty":"tr","p":{"a":0,"k":[0,0],"ix":2},"a":{"a":0,"k":[0,0],"ix":1},"s":{"a":0,"k":[300,300],"ix":3},"r":{"a":0,"k":0,"ix":6},"o":{"a":0,"k":100,"ix":7},"sk":{"a":0,"k":0,"ix":4},"sa":{"a":0,"k":0,"ix":5},"nm":"Transform"}],"nm":"rope","np":4,"cix":2,"bm":0,"ix":1,"mn":"ADBE Vector Group","hd":false}],"ip":0,"op":40,"st":0,"bm":0},{"ddd":0,"ind":2,"ty":4,"nm":"right_handle","sr":1,"ks":{"o":{"a":0,"k":100,"ix":11},"r":{"a":1,"k":[{"i":{"x":[0.667],"y":[1]},"o":{"x":[0.167],"y":[0.167]},"t":0,"s":[11]},{"i":{"x":[0.833],"y":[0.833]},"o":{"x":[0.167],"y":[0.167]},"t":20,"s":[-11]},{"t":40,"s":[11]}],"ix":10},"p":{"a":1,"k":[{"i":{"x":0.667,"y":1},"o":{"x":0.167,"y":0.167},"t":0,"s":[441.817,240.826,0],"to":[0,0,0],"ti":[0,0,0]},{"i":{"x":0.833,"y":0.833},"o":{"x":0.167,"y":0.167},"t":20,"s":[441.817,290.826,0],"to":[0,0,0],"ti":[0,0,0]},{"t":40,"s":[441.817,240.826,0]}],"ix":2},"a":{"a":0,"k":[0,0,0],"ix":1},"s":{"a":0,"k":[100,100,100],"ix":6}},"ao":0,"shapes":[{"ty":"gr","it":[{"ind":0,"ty":"sh","ix":1,"ks":{"a":0,"k":{"i":[[0,0],[0,0],[0,0.85],[-0.75,0],[0,0],[0,-0.86],[0.75,0]],"o":[[0,0],[-0.75,0],[0,-0.86],[0,0],[0.75,0],[0,0.85],[0,0]],"v":[[4.828,1.562],[-4.822,1.562],[-6.192,0.002],[-4.822,-1.558],[4.828,-1.558],[6.188,0.002],[4.828,1.562]],"c":false},"ix":2},"nm":"Path 1","mn":"ADBE Vector Shape - Group","hd":false},{"ty":"fl","c":{"a":0,"k":[0.607842981815,0.513724982738,0.945097982883,1],"ix":4},"o":{"a":0,"k":100,"ix":5},"r":1,"bm":0,"nm":"Fill 1","mn":"ADBE Vector Graphic - Fill","hd":false},{"ty":"tr","p":{"a":0,"k":[0,0],"ix":2},"a":{"a":0,"k":[0,0],"ix":1},"s":{"a":0,"k":[300,300],"ix":3},"r":{"a":0,"k":0,"ix":6},"o":{"a":0,"k":100,"ix":7},"sk":{"a":0,"k":0,"ix":4},"sa":{"a":0,"k":0,"ix":5},"nm":"Transform"}],"nm":"right_handle","np":2,"cix":2,"bm":0,"ix":1,"mn":"ADBE Vector Group","hd":false}],"ip":0,"op":40,"st":0,"bm":0},{"ddd":0,"ind":3,"ty":4,"nm":"left_handle","sr":1,"ks":{"o":{"a":0,"k":100,"ix":11},"r":{"a":1,"k":[{"i":{"x":[0.667],"y":[1]},"o":{"x":[0.333],"y":[0]},"t":0,"s":[-11]},{"i":{"x":[0.667],"y":[1]},"o":{"x":[0.333],"y":[0]},"t":20,"s":[11]},{"t":40,"s":[-11]}],"ix":10},"p":{"a":1,"k":[{"i":{"x":0.667,"y":1},"o":{"x":0.167,"y":0.167},"t":0,"s":[139.061,243.834,0],"to":[0,0,0],"ti":[0,0,0]},{"i":{"x":0.833,"y":0.833},"o":{"x":0.167,"y":0.167},"t":20,"s":[139.061,293.834,0],"to":[0,0,0],"ti":[0,0,0]},{"t":40,"s":[139.061,243.834,0]}],"ix":2},"a":{"a":0,"k":[0,0,0],"ix":1},"s":{"a":0,"k":[100,100,100],"ix":6}},"ao":0,"shapes":[{"ty":"gr","it":[{"ind":0,"ty":"sh","ix":1,"ks":{"a":0,"k":{"i":[[0,0],[0,0],[0,0.92],[-0.71,0],[0,0],[0,-0.92],[0.71,0]],"o":[[0,0],[-0.71,0],[0,-0.92],[0,0],[0.71,0],[0,0.92],[0,0]],"v":[[4.59,1.669],[-4.59,1.669],[-5.89,-0.001],[-4.59,-1.671],[4.59,-1.671],[5.89,-0.001],[4.59,1.669]],"c":false},"ix":2},"nm":"Path 1","mn":"ADBE Vector Shape - Group","hd":false},{"ty":"fl","c":{"a":0,"k":[0.607842981815,0.513724982738,0.945097982883,1],"ix":4},"o":{"a":0,"k":100,"ix":5},"r":1,"bm":0,"nm":"Fill 1","mn":"ADBE Vector Graphic - Fill","hd":false},{"ty":"tr","p":{"a":0,"k":[0,0],"ix":2},"a":{"a":0,"k":[0,0],"ix":1},"s":{"a":0,"k":[300,300],"ix":3},"r":{"a":0,"k":0,"ix":6},"o":{"a":0,"k":100,"ix":7},"sk":{"a":0,"k":0,"ix":4},"sa":{"a":0,"k":0,"ix":5},"nm":"Transform"}],"nm":"left_handle","np":2,"cix":2,"bm":0,"ix":1,"mn":"ADBE Vector Group","hd":false}],"ip":0,"op":40,"st":0,"bm":0},{"ddd":0,"ind":4,"ty":4,"nm":"hair_1","sr":1,"ks":{"o":{"a":0,"k":100,"ix":11},"r":{"a":0,"k":0,"ix":10},"p":{"a":1,"k":[{"i":{"x":0.667,"y":1},"o":{"x":0.167,"y":0.167},"t":0,"s":[286.046,62.177,0],"to":[0,0,0],"ti":[0,0,0]},{"i":{"x":0.833,"y":0.833},"o":{"x":0.167,"y":0.167},"t":20,"s":[286.046,112.177,0],"to":[0,0,0],"ti":[0,0,0]},{"t":40,"s":[286.046,62.177,0]}],"ix":2},"a":{"a":0,"k":[0,0,0],"ix":1},"s":{"a":0,"k":[100,100,100],"ix":6}},"ao":0,"shapes":[{"ty":"gr","it":[{"ind":0,"ty":"sh","ix":1,"ks":{"a":0,"k":{"i":[[0,0],[-3.85,1.78],[-0.11,0.17],[0.01,0.18],[0.39,1.02],[1.35,0.36],[1.88,-2.03],[-0.25,-2.68]],"o":[[4.29,-0.18],[0.19,-0.09],[0.1,-0.16],[-0.01,-1.09],[-0.21,-0.54],[-2.76,-0.73],[-1.87,2.03],[0,0]],"v":[[-6.513,5.456],[5.977,1.496],[6.477,1.136],[6.577,0.596],[5.967,-2.594],[3.237,-5.204],[-4.513,-2.994],[-6.513,5.456]],"c":false},"ix":2},"nm":"Path 1","mn":"ADBE Vector Shape - Group","hd":false},{"ind":1,"ty":"sh","ix":2,"ks":{"a":0,"k":{"i":[[0,0],[-0.41,-0.86],[1.12,1.35],[0.72,-0.66]],"o":[[0.58,0.83],[2.55,-1.71],[-0.72,0.67],[0,0]],"v":[[3.291,2.341],[5.181,5.451],[5.121,-0.779],[3.291,2.341]],"c":false},"ix":2},"nm":"Path 2","mn":"ADBE Vector Shape - Group","hd":false},{"ty":"mm","mm":2,"nm":"Merge Paths 1","mn":"ADBE Vector Filter - Merge","hd":false},{"ty":"fl","c":{"a":0,"k":[0.972549021244,0.776471018791,0.741176009178,1],"ix":4},"o":{"a":0,"k":100,"ix":5},"r":1,"bm":0,"nm":"Fill 1","mn":"ADBE Vector Graphic - Fill","hd":false},{"ty":"tr","p":{"a":0,"k":[0,0],"ix":2},"a":{"a":0,"k":[0,0],"ix":1},"s":{"a":0,"k":[300,300],"ix":3},"r":{"a":0,"k":0,"ix":6},"o":{"a":0,"k":100,"ix":7},"sk":{"a":0,"k":0,"ix":4},"sa":{"a":0,"k":0,"ix":5},"nm":"Transform"}],"nm":"hair_1","np":4,"cix":2,"bm":0,"ix":1,"mn":"ADBE Vector Group","hd":false}],"ip":0,"op":40,"st":0,"bm":0},{"ddd":0,"ind":5,"ty":4,"nm":"ponytail","sr":1,"ks":{"o":{"a":0,"k":100,"ix":11},"r":{"a":1,"k":[{"i":{"x":[0.667],"y":[1]},"o":{"x":[0.167],"y":[0.167]},"t":0,"s":[0]},{"i":{"x":[0.833],"y":[0.833]},"o":{"x":[0.333],"y":[0]},"t":20,"s":[-11]},{"t":40,"s":[0]}],"ix":10},"p":{"a":1,"k":[{"i":{"x":0.667,"y":1},"o":{"x":0.167,"y":0.167},"t":0,"s":[310.437,59.839,0],"to":[0,0,0],"ti":[0,0,0]},{"i":{"x":0.833,"y":0.833},"o":{"x":0.167,"y":0.167},"t":20,"s":[310.437,109.839,0],"to":[0,0,0],"ti":[0,0,0]},{"t":40,"s":[310.437,59.839,0]}],"ix":2},"a":{"a":0,"k":[0,0,0],"ix":1},"s":{"a":0,"k":[100,100,100],"ix":6}},"ao":0,"shapes":[{"ty":"gr","it":[{"ind":0,"ty":"sh","ix":1,"ks":{"a":0,"k":{"i":[[0,0],[-1.52,1.34],[-2,-0.44],[-0.23,-4.22],[-0.15,-0.91],[-0.82,-0.46],[-0.4,-0.26],[0.85,-0.83],[1.1,0.47],[0.54,1.04],[0.11,1],[0.17,0.84],[2.24,0.39],[0.65,-1.1]],"o":[[-1.55,-1.31],[1.51,-1.35],[4.27,0.93],[0.05,0.92],[0.15,0.91],[0.42,0.24],[0.99,0.66],[-0.84,0.83],[-1.1,-0.48],[-0.47,-0.9],[-0.1,-0.86],[-0.42,-2.17],[-1.29,-0.22],[0,0]],"v":[[-8.268,-2.719],[-7.988,-7.999],[-2.188,-9.149],[5.692,-0.119],[5.802,2.641],[7.212,4.941],[8.522,5.541],[8.672,8.601],[5.322,9.071],[2.872,6.601],[1.992,3.721],[1.772,1.151],[-2.788,-3.229],[-6.248,-2.019]],"c":true},"ix":2},"nm":"Path 1","mn":"ADBE Vector Shape - Group","hd":false},{"ty":"fl","c":{"a":0,"k":[0.972549021244,0.776471018791,0.741176009178,1],"ix":4},"o":{"a":0,"k":100,"ix":5},"r":1,"bm":0,"nm":"Fill 1","mn":"ADBE Vector Graphic - Fill","hd":false},{"ty":"tr","p":{"a":0,"k":[0,0],"ix":2},"a":{"a":0,"k":[0,0],"ix":1},"s":{"a":0,"k":[300,300],"ix":3},"r":{"a":0,"k":0,"ix":6},"o":{"a":0,"k":100,"ix":7},"sk":{"a":0,"k":0,"ix":4},"sa":{"a":0,"k":0,"ix":5},"nm":"Transform"}],"nm":"ponytail","np":2,"cix":2,"bm":0,"ix":1,"mn":"ADBE Vector Group","hd":false}],"ip":0,"op":40,"st":0,"bm":0},{"ddd":0,"ind":6,"ty":4,"nm":"tank_top","sr":1,"ks":{"o":{"a":0,"k":100,"ix":11},"r":{"a":0,"k":0,"ix":10},"p":{"a":1,"k":[{"i":{"x":0.667,"y":1},"o":{"x":0.167,"y":0.167},"t":0,"s":[288.57,170.369,0],"to":[0,0,0],"ti":[0,0,0]},{"i":{"x":0.833,"y":0.833},"o":{"x":0.167,"y":0.167},"t":20,"s":[288.57,225.369,0],"to":[0,0,0],"ti":[0,0,0]},{"t":40,"s":[288.57,170.369,0]}],"ix":2},"a":{"a":0,"k":[0,0,0],"ix":1},"s":{"a":0,"k":[100,100,100],"ix":6}},"ao":0,"shapes":[{"ty":"gr","it":[{"ind":0,"ty":"sh","ix":1,"ks":{"a":0,"k":{"i":[[0,0],[0.15,-0.72],[0,-2.44],[-9.49,0.52],[-0.26,4.64],[0.07,-0.57],[-1.06,3.4],[2.68,0.46],[-0.14,0],[4.72,-1.55],[1.44,0.77],[0.49,1.56],[0.09,1.64],[1.78,-1.21]],"o":[[3.07,14.62],[-0.14,0.67],[9.6,1.63],[0.17,-3.48],[-0.07,0.57],[-2.4,-2.54],[-2.35,-1.42],[-0.14,-0.02],[0,0],[-1.54,0.51],[-1.4,-0.76],[-0.49,-1.57],[-2.4,-0.12],[0,0]],"v":[[-14.199,-15.19],[-14.979,5.19],[-15.479,16.85],[15.441,17.37],[15.421,4.95],[15.421,4.95],[14.331,-15.72],[6.381,-17.91],[6.381,-17.91],[2.001,-8.87],[-2.989,-9.05],[-5.819,-12.85],[-6.479,-17.73],[-14.199,-15.19]],"c":false},"ix":2},"nm":"Path 1","mn":"ADBE Vector Shape - Group","hd":false},{"ty":"fl","c":{"a":0,"k":[0.700223982334,0.632764995098,0.948596000671,1],"ix":4},"o":{"a":0,"k":100,"ix":5},"r":1,"bm":0,"nm":"Fill 1","mn":"ADBE Vector Graphic - Fill","hd":false},{"ty":"tr","p":{"a":0,"k":[0,0],"ix":2},"a":{"a":0,"k":[0,0],"ix":1},"s":{"a":0,"k":[300,300],"ix":3},"r":{"a":0,"k":0,"ix":6},"o":{"a":0,"k":100,"ix":7},"sk":{"a":0,"k":0,"ix":4},"sa":{"a":0,"k":0,"ix":5},"nm":"Transform"}],"nm":"tank_top","np":2,"cix":2,"bm":0,"ix":1,"mn":"ADBE Vector Group","hd":false}],"ip":0,"op":40,"st":0,"bm":0},{"ddd":0,"ind":7,"ty":4,"nm":"pants","sr":1,"ks":{"o":{"a":0,"k":100,"ix":11},"r":{"a":0,"k":0,"ix":10},"p":{"a":1,"k":[{"i":{"x":0.667,"y":1},"o":{"x":0.167,"y":0.167},"t":0,"s":[291.862,368.829,0],"to":[0,0,0],"ti":[0,0,0]},{"i":{"x":0.833,"y":0.833},"o":{"x":0.167,"y":0.167},"t":20,"s":[291.862,413.017,0],"to":[0,0,0],"ti":[0,0,0]},{"t":40,"s":[291.862,368.829,0]}],"ix":2},"a":{"a":0,"k":[0,0,0],"ix":1},"s":{"a":1,"k":[{"i":{"x":[0.667,0.667,0.667],"y":[1,1,1]},"o":{"x":[0.167,0.167,0.167],"y":[0,0,0]},"t":0,"s":[100,98,100]},{"i":{"x":[0.833,0.833,0.833],"y":[1,1,1]},"o":{"x":[0.333,0.333,0.333],"y":[0,0,0]},"t":20,"s":[100,98,100]},{"t":40,"s":[100,98,100]}],"ix":6}},"ao":0,"shapes":[{"ty":"gr","it":[{"ind":0,"ty":"sh","ix":1,"ks":{"a":0,"k":{"i":[[0,0],[-0.52,-7.49],[-1.36,-1.51],[0,0],[0,0],[0,0],[0,0],[-1.04,1.59],[-0.94,20.95],[0,0]],"o":[[0,0],[1.46,21.1],[1.85,2.05],[0,0],[0,0],[0,0],[0,0],[1.2,-1.83],[0.35,-7.68],[0,0]],"v":[[-14.609,-39.735],[-15.349,-24.815],[-7.959,38.825],[-2.629,38.825],[-1.519,-23.565],[1.251,-23.565],[5.381,38.595],[10.201,38.255],[15.391,-23.685],[14.921,-39.735]],"c":true},"ix":2},"nm":"Path 1","mn":"ADBE Vector Shape - Group","hd":false},{"ty":"fl","c":{"a":0,"k":[0.248077005148,0.664373993874,0.609390974045,1],"ix":4},"o":{"a":0,"k":100,"ix":5},"r":1,"bm":0,"nm":"Fill 1","mn":"ADBE Vector Graphic - Fill","hd":false},{"ty":"tr","p":{"a":0,"k":[0,0],"ix":2},"a":{"a":0,"k":[0,0],"ix":1},"s":{"a":0,"k":[300,300],"ix":3},"r":{"a":0,"k":0,"ix":6},"o":{"a":0,"k":100,"ix":7},"sk":{"a":0,"k":0,"ix":4},"sa":{"a":0,"k":0,"ix":5},"nm":"Transform"}],"nm":"pants","np":2,"cix":2,"bm":0,"ix":1,"mn":"ADBE Vector Group","hd":false}],"ip":0,"op":40,"st":0,"bm":0},{"ddd":0,"ind":8,"ty":4,"nm":"right_arm","sr":1,"ks":{"o":{"a":0,"k":100,"ix":11},"r":{"a":1,"k":[{"i":{"x":[0.667],"y":[1]},"o":{"x":[0.167],"y":[0.167]},"t":0,"s":[0]},{"i":{"x":[0.833],"y":[0.833]},"o":{"x":[0.333],"y":[0]},"t":20,"s":[-3]},{"t":40,"s":[0]}],"ix":10},"p":{"a":1,"k":[{"i":{"x":0.667,"y":1},"o":{"x":0.167,"y":0.167},"t":0,"s":[328.769,132.235,0],"to":[0,0,0],"ti":[0,0,0]},{"i":{"x":0.833,"y":0.833},"o":{"x":0.167,"y":0.167},"t":20,"s":[328.769,185.235,0],"to":[0,0,0],"ti":[0,0,0]},{"t":40,"s":[328.769,132.235,0]}],"ix":2},"a":{"a":0,"k":[-56,-56,0],"ix":1},"s":{"a":0,"k":[100,100,100],"ix":6}},"ao":0,"shapes":[{"ty":"gr","it":[{"ind":0,"ty":"sh","ix":1,"ks":{"a":0,"k":{"i":[[0,0],[-11.68,-8.53],[-1.76,-1.12],[-0.05,-0.59],[0.52,-0.32],[1.96,0.57],[1.7,1.11],[7.34,7.89],[0.22,0.71],[-0.11,0.72],[-2.18,3.65],[-0.83,-0.32]],"o":[[0,0],[1.68,1.23],[0.51,0.32],[0.06,0.61],[-1.73,1.08],[-1.95,-0.57],[-9.01,-5.9],[-0.5,-0.54],[-0.22,-0.7],[0.64,-4.21],[0.83,0.32],[0.18,0.07]],"v":[[-14.389,-18.264],[12.931,12.876],[18.241,16.196],[19.341,17.516],[18.371,18.956],[12.471,19.496],[7.071,16.706],[-17.969,-3.594],[-19.209,-5.424],[-19.239,-7.594],[-18.089,-19.864],[-15.629,-19.054]],"c":true},"ix":2},"nm":"Path 1","mn":"ADBE Vector Shape - Group","hd":false},{"ty":"fl","c":{"a":0,"k":[0.956862986088,0.380391985178,0.321568995714,1],"ix":4},"o":{"a":0,"k":100,"ix":5},"r":1,"bm":0,"nm":"Fill 1","mn":"ADBE Vector Graphic - Fill","hd":false},{"ty":"tr","p":{"a":0,"k":[0,0],"ix":2},"a":{"a":0,"k":[0,0],"ix":1},"s":{"a":0,"k":[300,300],"ix":3},"r":{"a":0,"k":0,"ix":6},"o":{"a":0,"k":100,"ix":7},"sk":{"a":0,"k":0,"ix":4},"sa":{"a":0,"k":0,"ix":5},"nm":"Transform"}],"nm":"right_arm","np":2,"cix":2,"bm":0,"ix":1,"mn":"ADBE Vector Group","hd":false}],"ip":0,"op":40,"st":0,"bm":0},{"ddd":0,"ind":9,"ty":4,"nm":"left_arm","sr":1,"ks":{"o":{"a":0,"k":100,"ix":11},"r":{"a":1,"k":[{"i":{"x":[0.667],"y":[1]},"o":{"x":[0.167],"y":[0.167]},"t":0,"s":[0]},{"i":{"x":[0.833],"y":[0.833]},"o":{"x":[0.333],"y":[0]},"t":20,"s":[2]},{"t":40,"s":[0]}],"ix":10},"p":{"a":1,"k":[{"i":{"x":0.667,"y":1},"o":{"x":0.167,"y":0.167},"t":0,"s":[250.939,134.621,0],"to":[0,0,0],"ti":[0,0,0]},{"i":{"x":0.833,"y":0.833},"o":{"x":0.167,"y":0.167},"t":20,"s":[250.939,184.621,0],"to":[0,0,0],"ti":[0,0,0]},{"t":40,"s":[250.939,134.621,0]}],"ix":2},"a":{"a":0,"k":[56,-56,0],"ix":1},"s":{"a":0,"k":[100,100,100],"ix":6}},"ao":0,"shapes":[{"ty":"gr","it":[{"ind":0,"ty":"sh","ix":1,"ks":{"a":0,"k":{"i":[[0.62,-0.49],[11.68,-8.44],[1.77,-1.11],[0.05,-0.58],[-0.52,-0.32],[-1.96,0.57],[-1.7,1.1],[-7.34,7.81],[-0.22,0.7],[0.11,0.71],[2.17,3.62],[0.67,-0.21],[0.64,-0.47]],"o":[[-7.03,10.33],[-1.69,1.22],[-0.5,0.31],[-0.05,0.6],[1.73,1.07],[1.95,-0.56],[9.01,-5.84],[0.5,-0.54],[0.22,-0.69],[-0.64,-4.17],[-0.67,0.22],[-0.24,0.07],[-0.43,0.31]],"v":[[14.591,-18.223],[-13.118,13.377],[-18.439,16.667],[-19.539,17.967],[-18.559,19.397],[-12.659,19.927],[-7.258,17.167],[17.781,-2.923],[19.021,-4.733],[19.051,-6.883],[18.601,-19.883],[17.492,-20.233],[16.061,-19.593]],"c":true},"ix":2},"nm":"Path 1","mn":"ADBE Vector Shape - Group","hd":false},{"ty":"fl","c":{"a":0,"k":[0.956862986088,0.380391985178,0.321568995714,1],"ix":4},"o":{"a":0,"k":100,"ix":5},"r":1,"bm":0,"nm":"Fill 1","mn":"ADBE Vector Graphic - Fill","hd":false},{"ty":"tr","p":{"a":0,"k":[0,0],"ix":2},"a":{"a":0,"k":[0,0],"ix":1},"s":{"a":0,"k":[300,300],"ix":3},"r":{"a":0,"k":0,"ix":6},"o":{"a":0,"k":100,"ix":7},"sk":{"a":0,"k":0,"ix":4},"sa":{"a":0,"k":0,"ix":5},"nm":"Transform"}],"nm":"left_arm","np":2,"cix":2,"bm":0,"ix":1,"mn":"ADBE Vector Group","hd":false}],"ip":0,"op":40,"st":0,"bm":0},{"ddd":0,"ind":10,"ty":4,"nm":"body","sr":1,"ks":{"o":{"a":0,"k":100,"ix":11},"r":{"a":0,"k":0,"ix":10},"p":{"a":1,"k":[{"i":{"x":0.598,"y":0.705},"o":{"x":0.167,"y":0.167},"t":0,"s":[293.214,160.345,0],"to":[0,0,0],"ti":[0,0,0]},{"i":{"x":0.697,"y":1},"o":{"x":0.352,"y":0.596},"t":14,"s":[292.214,202.559,0],"to":[0,0,0],"ti":[0,0,0]},{"i":{"x":0.833,"y":0.833},"o":{"x":0.167,"y":0.167},"t":20,"s":[293.214,210.345,0],"to":[0,0,0],"ti":[0,0,0]},{"t":40,"s":[293.214,160.345,0]}],"ix":2},"a":{"a":0,"k":[0,0,0],"ix":1},"s":{"a":0,"k":[100,100,100],"ix":6}},"ao":0,"shapes":[{"ty":"gr","it":[{"ind":0,"ty":"sh","ix":1,"ks":{"a":0,"k":{"i":[[0,0],[-0.78,-0.4],[-0.41,-0.74],[-0.24,-1.27],[0.3,-1.34],[1.2,-0.77],[1.7,0.74],[0.41,0.91],[-1.08,2.5],[-1.51,0.3]],"o":[[0.68,-0.54],[0.77,0.39],[0.65,1.14],[0.26,1.35],[-0.3,1.35],[-1.2,0.77],[-0.95,-0.41],[-1.12,-2.49],[0.59,-1.35],[0,0]],"v":[[-3.103,-34.64],[-0.603,-34.77],[1.137,-32.94],[2.397,-29.28],[2.467,-25.19],[0.207,-21.78],[-3.693,-21.47],[-5.793,-23.87],[-5.843,-31.78],[-2.703,-34.76]],"c":true},"ix":2},"nm":"Path 1","mn":"ADBE Vector Shape - Group","hd":false},{"ind":1,"ty":"sh","ix":2,"ks":{"a":0,"k":{"i":[[0,0],[-2.93,-1.76],[-3.06,0.67],[2.95,-0.15],[5.36,-1.37],[-3.43,1.89],[0.04,2.76],[-0.7,-0.16]],"o":[[0.16,2.67],[2.93,1.76],[-2.28,1.9],[-5.52,0.27],[2.43,-3.09],[2.26,-1.24],[0.69,0.16],[0,0]],"v":[[0.368,-22.152],[2.468,-14.222],[11.288,-11.002],[-1.202,1.218],[-14.382,-6.902],[-5.722,-13.452],[-3.532,-21.922],[-1.442,-21.432]],"c":true},"ix":2},"nm":"Path 2","mn":"ADBE Vector Shape - Group","hd":false},{"ind":2,"ty":"sh","ix":3,"ks":{"a":0,"k":{"i":[[0,0],[-0.54,-0.28],[0.68,-0.52],[0.88,0.22]],"o":[[0.61,-0.13],[0.78,0.41],[-0.68,0.53],[0,0]],"v":[[2.549,-28.757],[4.479,-28.567],[4.559,-26.187],[1.969,-25.837]],"c":true},"ix":2},"nm":"Path 4","mn":"ADBE Vector Shape - Group","hd":false},{"ind":3,"ty":"sh","ix":4,"ks":{"a":0,"k":{"i":[[0,0],[-1.5,0.07],[-0.75,1.31],[-3.74,-1.97],[-0.15,-0.54],[0.03,-0.27],[0.5,-10.56],[0.13,-3.6],[2.24,0.09],[1.85,-0.05],[5.33,-0.13],[0.16,3.96],[1.24,9.43],[-4.84,0.4]],"o":[[0.87,1.24],[1.49,-0.07],[4.18,0.47],[0.49,0.26],[0.08,0.26],[-0.89,10],[-0.19,3.79],[-2.19,-0.44],[-1.85,-0.07],[-5.34,0.13],[-0.24,-3.53],[-0.44,-10.68],[3.86,-3.46],[0,0]],"v":[[-4.587,-12.895],[-0.707,-10.975],[2.973,-13.245],[14.993,-9.545],[17.023,-7.145],[16.183,-7.635],[12.473,23.605],[13.583,35.055],[8.223,35.045],[1.703,35.015],[-14.427,35.015],[-13.557,23.265],[-17.027,-8.045],[-4.727,-12.885]],"c":true},"ix":2},"nm":"Path 5","mn":"ADBE Vector Shape - Group","hd":false},{"ty":"mm","mm":2,"nm":"Merge Paths 1","mn":"ADBE Vector Filter - Merge","hd":false},{"ty":"fl","c":{"a":0,"k":[0.956862986088,0.380391985178,0.321568995714,1],"ix":4},"o":{"a":0,"k":100,"ix":5},"r":1,"bm":0,"nm":"Fill 1","mn":"ADBE Vector Graphic - Fill","hd":false},{"ty":"tr","p":{"a":0,"k":[0,0],"ix":2},"a":{"a":0,"k":[0,0],"ix":1},"s":{"a":0,"k":[300,300],"ix":3},"r":{"a":0,"k":0,"ix":6},"o":{"a":0,"k":100,"ix":7},"sk":{"a":0,"k":0,"ix":4},"sa":{"a":0,"k":0,"ix":5},"nm":"Transform"}],"nm":"body","np":6,"cix":2,"bm":0,"ix":1,"mn":"ADBE Vector Group","hd":false}],"ip":0,"op":40,"st":0,"bm":0},{"ddd":0,"ind":11,"ty":4,"nm":"shoes 2","sr":1,"ks":{"o":{"a":0,"k":100,"ix":11},"r":{"a":0,"k":0,"ix":10},"p":{"a":1,"k":[{"i":{"x":0.667,"y":1},"o":{"x":0.167,"y":0.167},"t":0,"s":[296.412,493.301,0],"to":[0,0,0],"ti":[0,0,0]},{"i":{"x":0.833,"y":0.833},"o":{"x":0.167,"y":0.167},"t":20,"s":[296.412,535.301,0],"to":[0,0,0],"ti":[0,0,0]},{"t":40,"s":[296.412,493.301,0]}],"ix":2},"a":{"a":0,"k":[0,0,0],"ix":1},"s":{"a":0,"k":[100,100,100],"ix":6}},"ao":0,"shapes":[{"ty":"gr","it":[{"ind":0,"ty":"sh","ix":1,"ks":{"a":0,"k":{"i":[[0,0],[0.85,-2.09],[0.62,-0.05],[0.24,0.55],[0.03,0.63],[-0.31,1.86],[-0.04,0.04],[-0.05,0],[-1.02,-0.13]],"o":[[-0.09,2.33],[-0.28,0.68],[-0.51,0.03],[-0.24,-0.56],[-0.09,-1.89],[0.01,-0.06],[0.04,-0.03],[1.02,0.13],[0,0]],"v":[[8.533,-3.949],[7.473,2.881],[6.133,4.321],[4.913,3.361],[4.583,1.531],[4.913,-4.129],[4.983,-4.299],[5.113,-4.319],[8.163,-3.939]],"c":true},"ix":2},"nm":"Path 1","mn":"ADBE Vector Shape - Group","hd":false},{"ind":1,"ty":"sh","ix":2,"ks":{"a":0,"k":{"i":[[0,0],[-0.85,-2.09],[-0.62,-0.05],[-0.24,0.55],[-0.03,0.63],[0.31,1.86],[0.05,0.04],[0.04,0],[1.02,-0.13]],"o":[[0.1,2.33],[0.28,0.68],[0.5,0.03],[0.24,-0.56],[0.09,-1.89],[-0.01,-0.06],[-0.03,-0.03],[-1.02,0.13],[0,0]],"v":[[-8.537,-3.949],[-7.477,2.881],[-6.127,4.321],[-4.917,3.361],[-4.587,1.531],[-4.917,-4.129],[-4.987,-4.299],[-5.107,-4.319],[-8.167,-3.939]],"c":true},"ix":2},"nm":"Path 2","mn":"ADBE Vector Shape - Group","hd":false},{"ty":"mm","mm":2,"nm":"Merge Paths 1","mn":"ADBE Vector Filter - Merge","hd":false},{"ty":"fl","c":{"a":0,"k":[0.607842981815,0.513724982738,0.945097982883,1],"ix":4},"o":{"a":0,"k":100,"ix":5},"r":1,"bm":0,"nm":"Fill 1","mn":"ADBE Vector Graphic - Fill","hd":false},{"ty":"tr","p":{"a":0,"k":[0,0],"ix":2},"a":{"a":0,"k":[0,0],"ix":1},"s":{"a":0,"k":[300,300],"ix":3},"r":{"a":0,"k":0,"ix":6},"o":{"a":0,"k":100,"ix":7},"sk":{"a":0,"k":0,"ix":4},"sa":{"a":0,"k":0,"ix":5},"nm":"Transform"}],"nm":"shoes 2","np":4,"cix":2,"bm":0,"ix":1,"mn":"ADBE Vector Group","hd":false}],"ip":0,"op":40,"st":0,"bm":0},{"ddd":0,"ind":12,"ty":4,"nm":"rope (back)","sr":1,"ks":{"o":{"a":1,"k":[{"i":{"x":[0.833],"y":[0.833]},"o":{"x":[0.167],"y":[0.167]},"t":0,"s":[100]},{"i":{"x":[0.833],"y":[0.833]},"o":{"x":[0.167],"y":[0.167]},"t":10,"s":[64]},{"i":{"x":[0.833],"y":[0.833]},"o":{"x":[0.167],"y":[0.167]},"t":20,"s":[100]},{"t":23,"s":[0]}],"ix":11},"r":{"a":0,"k":0,"ix":10},"p":{"a":1,"k":[{"i":{"x":0.667,"y":1},"o":{"x":0.167,"y":0.167},"t":0,"s":[292.392,385.545,0],"to":[0,0,0],"ti":[0,0,0]},{"i":{"x":0.833,"y":0.833},"o":{"x":0.333,"y":0},"t":20,"s":[292.392,155.545,0],"to":[0,0,0],"ti":[0,0,0]},{"t":40,"s":[292.392,385.545,0]}],"ix":2},"a":{"a":0,"k":[0,0,0],"ix":1},"s":{"a":1,"k":[{"i":{"x":[0.667,0.667,0.667],"y":[1,1,1]},"o":{"x":[0.167,0.167,0.167],"y":[0.167,0.167,-0.361]},"t":0,"s":[100,-100,100]},{"i":{"x":[0.833,0.833,0.833],"y":[0.833,0.833,0.639]},"o":{"x":[0.333,0.333,0.333],"y":[0,0,0]},"t":20,"s":[97.836,100,100]},{"t":40,"s":[100,-100,100]}],"ix":6}},"ao":0,"shapes":[{"ty":"gr","it":[{"ind":0,"ty":"sh","ix":1,"ks":{"a":0,"k":{"i":[[0,0],[-2.13,15.89],[-2.72,7.45],[-5.54,5.82],[-14.69,-0.57],[0,0],[9.03,-9.49],[1.94,-14.54],[-0.01,-0.12]],"o":[[-0.01,-0.13],[1.25,-9.35],[3.41,-9.34],[9.25,-9.72],[0,0],[-14.37,-0.55],[-12.33,12.95],[-2.11,15.79],[0,0]],"v":[[-55.83,45.5],[-54.55,16.5],[-48.57,-8.81],[-35.08,-31.66],[1,-45.45],[0.96,-44.37],[-34.31,-30.9],[-53.49,16.64],[-54.76,45.42]],"c":true},"ix":2},"nm":"Path 1","mn":"ADBE Vector Shape - Group","hd":false},{"ind":1,"ty":"sh","ix":2,"ks":{"a":0,"k":{"i":[[0,0],[0,0],[2.11,15.79],[12.33,12.94],[14.37,-0.55],[0,0],[-9.25,-9.72],[-3.41,-9.34],[-1.25,-9.35],[0.01,-0.13]],"o":[[0,0],[0.01,-0.12],[-1.95,-14.53],[-9.03,-9.49],[0,0],[14.69,-0.57],[5.54,5.82],[2.72,7.45],[2.13,15.89],[0,0]],"v":[[55.83,45.5],[54.76,45.42],[53.49,16.62],[34.31,-30.9],[-0.96,-44.37],[-1,-45.45],[35.08,-31.66],[48.57,-8.81],[54.55,16.5],[55.83,45.5]],"c":false},"ix":2},"nm":"Path 2","mn":"ADBE Vector Shape - Group","hd":false},{"ty":"mm","mm":2,"nm":"Merge Paths 1","mn":"ADBE Vector Filter - Merge","hd":false},{"ty":"fl","c":{"a":0,"k":[0.501960992813,0.933332979679,0.858824014664,1],"ix":4},"o":{"a":0,"k":100,"ix":5},"r":1,"bm":0,"nm":"Fill 1","mn":"ADBE Vector Graphic - Fill","hd":false},{"ty":"tr","p":{"a":0,"k":[0,0],"ix":2},"a":{"a":0,"k":[0,0],"ix":1},"s":{"a":0,"k":[300,300],"ix":3},"r":{"a":0,"k":0,"ix":6},"o":{"a":0,"k":100,"ix":7},"sk":{"a":0,"k":0,"ix":4},"sa":{"a":0,"k":0,"ix":5},"nm":"Transform"}],"nm":"rope","np":4,"cix":2,"bm":0,"ix":1,"mn":"ADBE Vector Group","hd":false}],"ip":0,"op":40,"st":0,"bm":0},{"ddd":0,"ind":13,"ty":4,"nm":"shadow","sr":1,"ks":{"o":{"a":0,"k":100,"ix":11},"r":{"a":0,"k":0,"ix":10},"p":{"a":0,"k":[296.18,549.727,0],"ix":2},"a":{"a":0,"k":[0,0,0],"ix":1},"s":{"a":1,"k":[{"i":{"x":[0.667,0.667,0.667],"y":[1,1,1]},"o":{"x":[0.167,0.167,0.167],"y":[0.167,0.167,-6.119]},"t":0,"s":[100,100,100]},{"i":{"x":[0.833,0.833,0.833],"y":[0.833,0.833,0.833]},"o":{"x":[0.167,0.167,0.167],"y":[0.167,0.167,0.167]},"t":20,"s":[63.285,63.285,100]},{"t":40,"s":[100,100,100]}],"ix":6}},"ao":0,"shapes":[{"ty":"gr","it":[{"ind":0,"ty":"sh","ix":1,"ks":{"a":0,"k":{"i":[[-12.79,0],[0,4.11],[12.78,0],[0,-4.11]],"o":[[12.78,0],[0,-4.11],[-12.79,0],[0,4.11]],"v":[[0.004,7.441],[23.154,0.001],[0.004,-7.439],[-23.156,0.001]],"c":true},"ix":2},"nm":"Path 1","mn":"ADBE Vector Shape - Group","hd":false},{"ty":"fl","c":{"a":0,"k":[0.93725502491,0.941175997257,0.97647100687,1],"ix":4},"o":{"a":0,"k":100,"ix":5},"r":1,"bm":0,"nm":"Fill 1","mn":"ADBE Vector Graphic - Fill","hd":false},{"ty":"tr","p":{"a":0,"k":[0,0],"ix":2},"a":{"a":0,"k":[0,0],"ix":1},"s":{"a":0,"k":[300,300],"ix":3},"r":{"a":0,"k":0,"ix":6},"o":{"a":0,"k":100,"ix":7},"sk":{"a":0,"k":0,"ix":4},"sa":{"a":0,"k":0,"ix":5},"nm":"Transform"}],"nm":"shadow","np":2,"cix":2,"bm":0,"ix":1,"mn":"ADBE Vector Group","hd":false}],"ip":0,"op":40,"st":0,"bm":0}],"markers":[]}