{"nm":"Comp 1","ddd":0,"h":800,"w":800,"meta":{"g":"@lottiefiles/toolkit-js 0.26.1"},"layers":[{"ty":4,"nm":"Shape Layer 2","sr":1,"st":0,"op":384,"ip":0,"hd":false,"ddd":0,"bm":0,"hasMask":false,"ao":0,"ks":{"a":{"a":0,"k":[0,0,0],"ix":1},"s":{"a":0,"k":[100,100,100],"ix":6},"sk":{"a":0,"k":0},"p":{"a":0,"k":[415,382,0],"ix":2},"r":{"a":0,"k":0,"ix":10},"sa":{"a":0,"k":0},"o":{"a":0,"k":100,"ix":11}},"ef":[],"shapes":[{"ty":"gr","bm":0,"hd":false,"mn":"ADBE Vector Group","nm":"Shape 1","ix":1,"cix":2,"np":3,"it":[{"ty":"sh","bm":0,"hd":false,"mn":"ADBE Vector Shape - Group","nm":"Path 1","ix":1,"d":1,"ks":{"a":0,"k":{"c":false,"i":[[0,0],[-22,1],[0,0]],"o":[[0,0],[22,-1],[0,0]],"v":[[-134,56],[-74,108],[72,-56]]},"ix":2}},{"ty":"st","bm":0,"hd":false,"mn":"ADBE Vector Graphic - Stroke","nm":"Stroke 1","lc":2,"lj":1,"ml":4,"o":{"a":0,"k":100,"ix":4},"w":{"a":0,"k":55,"ix":5},"c":{"a":0,"k":[1,1,1],"ix":3}},{"ty":"tr","a":{"a":0,"k":[0,0],"ix":1},"s":{"a":0,"k":[85.449,85.449],"ix":3},"sk":{"a":0,"k":0,"ix":4},"p":{"a":0,"k":[0,0],"ix":2},"r":{"a":0,"k":0,"ix":6},"sa":{"a":0,"k":0,"ix":5},"o":{"a":0,"k":100,"ix":7}}]},{"ty":"tm","bm":0,"hd":false,"mn":"ADBE Vector Filter - Trim","nm":"Trim Paths 1","ix":2,"e":{"a":1,"k":[{"o":{"x":0.333,"y":0},"i":{"x":0,"y":1},"s":[0],"t":5},{"s":[100],"t":22}],"ix":2},"o":{"a":0,"k":0,"ix":3},"s":{"a":1,"k":[{"o":{"x":0.463,"y":0},"i":{"x":0.853,"y":1},"s":[0],"t":22},{"s":[100],"t":36}],"ix":1},"m":1}],"ind":1},{"ty":4,"nm":"3","sr":1,"st":0,"op":384,"ip":0,"hd":false,"ddd":0,"bm":0,"hasMask":false,"ao":0,"ks":{"a":{"a":0,"k":[-54.531,27.469,0],"ix":1},"s":{"a":0,"k":[152.399,152.399,100],"ix":6},"sk":{"a":0,"k":0},"p":{"a":0,"k":[394,396,0],"ix":2},"r":{"a":0,"k":0,"ix":10},"sa":{"a":0,"k":0},"o":{"a":0,"k":100,"ix":11}},"ef":[],"shapes":[{"ty":"gr","bm":0,"hd":false,"mn":"ADBE Vector Group","nm":"Ellipse 1","ix":1,"cix":2,"np":3,"it":[{"ty":"el","bm":0,"hd":false,"mn":"ADBE Vector Shape - Ellipse","nm":"Ellipse Path 1","d":1,"p":{"a":0,"k":[0,0],"ix":3},"s":{"a":0,"k":[262.938,262.938],"ix":2}},{"ty":"st","bm":0,"hd":false,"mn":"ADBE Vector Graphic - Stroke","nm":"Stroke 1","lc":2,"lj":1,"ml":4,"o":{"a":0,"k":100,"ix":4},"w":{"a":0,"k":4,"ix":5},"c":{"a":0,"k":[0.1529,0.6196,1],"ix":3}},{"ty":"tr","a":{"a":0,"k":[0,0],"ix":1},"s":{"a":0,"k":[100,100],"ix":3},"sk":{"a":0,"k":0,"ix":4},"p":{"a":0,"k":[-54.531,27.469],"ix":2},"r":{"a":0,"k":0,"ix":6},"sa":{"a":0,"k":0,"ix":5},"o":{"a":0,"k":100,"ix":7}}]},{"ty":"tm","bm":0,"hd":false,"mn":"ADBE Vector Filter - Trim","nm":"Trim Paths 1","ix":2,"e":{"a":1,"k":[{"o":{"x":0.333,"y":0},"i":{"x":0.093,"y":1},"s":[0],"t":0},{"o":{"x":0.333,"y":0},"i":{"x":0.093,"y":1},"s":[100],"t":12},{"o":{"x":0.907,"y":0},"i":{"x":0.667,"y":1},"s":[100],"t":27},{"s":[0],"t":39}],"ix":2},"o":{"a":0,"k":0,"ix":3},"s":{"a":1,"k":[{"o":{"x":0.333,"y":0},"i":{"x":0.041,"y":1},"s":[0],"t":4},{"o":{"x":0.333,"y":0},"i":{"x":0.041,"y":1},"s":[100],"t":15},{"o":{"x":0.959,"y":0},"i":{"x":0.667,"y":1},"s":[100],"t":31},{"s":[0],"t":42}],"ix":1},"m":1}],"ind":2},{"ty":4,"nm":"2","sr":1,"st":0,"op":384,"ip":0,"hd":false,"ddd":0,"bm":0,"hasMask":false,"ao":0,"ks":{"a":{"a":0,"k":[-54.531,27.469,0],"ix":1},"s":{"a":0,"k":[170.654,170.654,100],"ix":6},"sk":{"a":0,"k":0},"p":{"a":0,"k":[394,396,0],"ix":2},"r":{"a":0,"k":0,"ix":10},"sa":{"a":0,"k":0},"o":{"a":0,"k":100,"ix":11}},"ef":[],"shapes":[{"ty":"gr","bm":0,"hd":false,"mn":"ADBE Vector Group","nm":"Ellipse 1","ix":1,"cix":2,"np":3,"it":[{"ty":"el","bm":0,"hd":false,"mn":"ADBE Vector Shape - Ellipse","nm":"Ellipse Path 1","d":1,"p":{"a":0,"k":[0,0],"ix":3},"s":{"a":0,"k":[262.938,262.938],"ix":2}},{"ty":"st","bm":0,"hd":false,"mn":"ADBE Vector Graphic - Stroke","nm":"Stroke 1","lc":2,"lj":1,"ml":4,"o":{"a":0,"k":100,"ix":4},"w":{"a":0,"k":4,"ix":5},"c":{"a":0,"k":[0.1529,0.6196,1],"ix":3}},{"ty":"tr","a":{"a":0,"k":[0,0],"ix":1},"s":{"a":0,"k":[100,100],"ix":3},"sk":{"a":0,"k":0,"ix":4},"p":{"a":0,"k":[-54.531,27.469],"ix":2},"r":{"a":0,"k":0,"ix":6},"sa":{"a":0,"k":0,"ix":5},"o":{"a":0,"k":100,"ix":7}}]},{"ty":"tm","bm":0,"hd":false,"mn":"ADBE Vector Filter - Trim","nm":"Trim Paths 1","ix":2,"e":{"a":1,"k":[{"o":{"x":0.333,"y":0},"i":{"x":0,"y":1},"s":[0],"t":2},{"o":{"x":0.167,"y":0},"i":{"x":0,"y":1},"s":[100],"t":17},{"o":{"x":1,"y":0},"i":{"x":0.667,"y":1},"s":[100],"t":29},{"s":[0],"t":44}],"ix":2},"o":{"a":1,"k":[{"o":{"x":0.333,"y":0},"i":{"x":0,"y":1},"s":[0],"t":0},{"o":{"x":0.167,"y":0},"i":{"x":0,"y":1},"s":[360],"t":12},{"o":{"x":1,"y":0},"i":{"x":0.667,"y":1},"s":[360],"t":27},{"s":[0],"t":39}],"ix":3},"s":{"a":1,"k":[{"o":{"x":0.333,"y":0},"i":{"x":0,"y":1},"s":[0],"t":6},{"o":{"x":0.167,"y":0},"i":{"x":0,"y":1},"s":[100],"t":20},{"o":{"x":1,"y":0},"i":{"x":0.667,"y":1},"s":[100],"t":33},{"s":[0],"t":47}],"ix":1},"m":1}],"ind":3},{"ty":4,"nm":"1","sr":1,"st":0,"op":384,"ip":0,"hd":false,"ddd":0,"bm":0,"hasMask":false,"ao":0,"ks":{"a":{"a":0,"k":[-54.531,27.469,0],"ix":1},"s":{"a":0,"k":[191.952,191.952,100],"ix":6},"sk":{"a":0,"k":0},"p":{"a":0,"k":[394,396,0],"ix":2},"r":{"a":0,"k":0,"ix":10},"sa":{"a":0,"k":0},"o":{"a":0,"k":100,"ix":11}},"ef":[],"shapes":[{"ty":"gr","bm":0,"hd":false,"mn":"ADBE Vector Group","nm":"Ellipse 1","ix":1,"cix":2,"np":3,"it":[{"ty":"el","bm":0,"hd":false,"mn":"ADBE Vector Shape - Ellipse","nm":"Ellipse Path 1","d":1,"p":{"a":0,"k":[0,0],"ix":3},"s":{"a":0,"k":[262.938,262.938],"ix":2}},{"ty":"st","bm":0,"hd":false,"mn":"ADBE Vector Graphic - Stroke","nm":"Stroke 1","lc":2,"lj":1,"ml":4,"o":{"a":0,"k":100,"ix":4},"w":{"a":0,"k":4,"ix":5},"c":{"a":0,"k":[0.1529,0.6196,1],"ix":3}},{"ty":"tr","a":{"a":0,"k":[0,0],"ix":1},"s":{"a":0,"k":[100,100],"ix":3},"sk":{"a":0,"k":0,"ix":4},"p":{"a":0,"k":[-54.531,27.469],"ix":2},"r":{"a":0,"k":0,"ix":6},"sa":{"a":0,"k":0,"ix":5},"o":{"a":0,"k":100,"ix":7}}]},{"ty":"tm","bm":0,"hd":false,"mn":"ADBE Vector Filter - Trim","nm":"Trim Paths 1","ix":2,"e":{"a":1,"k":[{"o":{"x":0.333,"y":0},"i":{"x":0,"y":1},"s":[0],"t":6},{"o":{"x":0.167,"y":0},"i":{"x":0,"y":1},"s":[100],"t":21},{"o":{"x":1,"y":0},"i":{"x":0.667,"y":1},"s":[100],"t":32},{"s":[0],"t":47}],"ix":2},"o":{"a":1,"k":[{"o":{"x":0.333,"y":0},"i":{"x":0,"y":1},"s":[0],"t":4},{"o":{"x":0.167,"y":0},"i":{"x":0,"y":1},"s":[360],"t":16},{"o":{"x":1,"y":0},"i":{"x":0.667,"y":1},"s":[360],"t":30},{"s":[0],"t":42}],"ix":3},"s":{"a":1,"k":[{"o":{"x":0.333,"y":0},"i":{"x":0,"y":1},"s":[0],"t":10},{"o":{"x":0.167,"y":0},"i":{"x":0,"y":1},"s":[100],"t":24},{"o":{"x":1,"y":0},"i":{"x":0.667,"y":1},"s":[100],"t":36},{"s":[0],"t":50}],"ix":1},"m":1}],"ind":4},{"ty":4,"nm":"Shape Layer 1","sr":1,"st":0,"op":384,"ip":0,"hd":false,"ddd":0,"bm":0,"hasMask":false,"ao":0,"ks":{"a":{"a":0,"k":[-54.531,27.469,0],"ix":1},"s":{"a":1,"k":[{"o":{"x":0.333,"y":0},"i":{"x":0,"y":1},"s":[0,0,100],"t":0},{"o":{"x":0.167,"y":0},"i":{"x":0,"y":1},"s":[141.835,141.835,100],"t":16},{"o":{"x":1,"y":0},"i":{"x":0.667,"y":1},"s":[141.835,141.835,100],"t":27},{"s":[0,0,100],"t":43}],"ix":6},"sk":{"a":0,"k":0},"p":{"a":0,"k":[394,396,0],"ix":2},"r":{"a":0,"k":0,"ix":10},"sa":{"a":0,"k":0},"o":{"a":0,"k":100,"ix":11}},"ef":[],"shapes":[{"ty":"gr","bm":0,"hd":false,"mn":"ADBE Vector Group","nm":"Ellipse 1","ix":1,"cix":2,"np":3,"it":[{"ty":"el","bm":0,"hd":false,"mn":"ADBE Vector Shape - Ellipse","nm":"Ellipse Path 1","d":1,"p":{"a":0,"k":[0,0],"ix":3},"s":{"a":0,"k":[262.938,262.938],"ix":2}},{"ty":"fl","bm":0,"hd":false,"mn":"ADBE Vector Graphic - Fill","nm":"Fill 1","c":{"a":0,"k":[0.1529,0.6196,1],"ix":4},"r":1,"o":{"a":0,"k":100,"ix":5}},{"ty":"tr","a":{"a":0,"k":[0,0],"ix":1},"s":{"a":0,"k":[100,100],"ix":3},"sk":{"a":0,"k":0,"ix":4},"p":{"a":0,"k":[-54.531,27.469],"ix":2},"r":{"a":0,"k":0,"ix":6},"sa":{"a":0,"k":0,"ix":5},"o":{"a":0,"k":100,"ix":7}}]}],"ind":5}],"v":"5.5.9","fr":12,"op":60,"ip":0,"assets":[]}