{"v":"5.6.3","fr":60,"ip":0,"op":180,"w":315,"h":312,"nm":"Comp 2","ddd":0,"assets":[{"id":"comp_0","layers":[{"ddd":0,"ind":1,"ty":4,"nm":"Shape Layer 2","sr":1,"ks":{"o":{"a":0,"k":100,"ix":11},"r":{"a":0,"k":0,"ix":10},"p":{"a":1,"k":[{"i":{"x":0.346,"y":1},"o":{"x":0.016,"y":0},"t":0,"s":[-77,158,0],"to":[12.564,0,0],"ti":[-6.083,0,0]},{"i":{"x":0.052,"y":1},"o":{"x":0.333,"y":0},"t":36.036,"s":[313.949,158,0],"to":[19.679,0,0],"ti":[25.158,0,0]},{"i":{"x":0,"y":1},"o":{"x":0.333,"y":0},"t":78.078,"s":[41.074,158,0],"to":[-0.477,0,0],"ti":[-0.009,0,0]},{"t":102.102102102102,"s":[163,158,0]}],"ix":2},"a":{"a":0,"k":[-2,165,0],"ix":1},"s":{"a":0,"k":[100,100,100],"ix":6}},"ao":0,"shapes":[{"ty":"gr","it":[{"ind":0,"ty":"sh","ix":1,"ks":{"a":0,"k":{"i":[[1.933,0],[0,-1.933],[-1.933,0],[0,1.933]],"o":[[-1.933,0],[0,1.933],[1.933,0],[0,-1.933]],"v":[[0,-3.5],[-3.5,0],[0,3.5],[3.5,0]],"c":true},"ix":2},"nm":"Trazado 1","mn":"ADBE Vector Shape - Group","hd":false},{"ty":"fl","c":{"a":0,"k":[0.564705882353,0.725490196078,0.96862745098,1],"ix":4},"o":{"a":0,"k":100,"ix":5},"r":1,"bm":0,"nm":"Fill 1","mn":"ADBE Vector Graphic - Fill","hd":false},{"ty":"tr","p":{"a":0,"k":[-3.5,166.5],"ix":2},"a":{"a":0,"k":[0,0],"ix":1},"s":{"a":0,"k":[100,100],"ix":3},"r":{"a":0,"k":0,"ix":6},"o":{"a":0,"k":100,"ix":7},"sk":{"a":0,"k":0,"ix":4},"sa":{"a":0,"k":0,"ix":5},"nm":"Transformar"}],"nm":"Ellipse 1","np":2,"cix":2,"bm":0,"ix":1,"mn":"ADBE Vector Group","hd":false}],"ip":0,"op":128.128128128128,"st":0,"bm":0},{"ddd":0,"ind":2,"ty":4,"nm":"Shape Layer 5","sr":1,"ks":{"o":{"a":0,"k":100,"ix":11},"r":{"a":0,"k":0,"ix":10},"p":{"a":1,"k":[{"i":{"x":0.667,"y":1},"o":{"x":0.823,"y":0},"t":0,"s":[392,156,0],"to":[-59.333,0,0],"ti":[14.5,0,0]},{"i":{"x":0.667,"y":1},"o":{"x":0.333,"y":0},"t":36.036,"s":[36,156,0],"to":[-14.5,0,0],"ti":[-21.167,0,0]},{"i":{"x":0,"y":1},"o":{"x":0.343,"y":0},"t":78.078,"s":[305,156,0],"to":[21.167,0,0],"ti":[30.92,-2.254,0]},{"t":102.102102102102,"s":[163,156,0]}],"ix":2},"a":{"a":0,"k":[-2,165,0],"ix":1},"s":{"a":0,"k":[100,100,100],"ix":6}},"ao":0,"shapes":[{"ty":"gr","it":[{"ind":0,"ty":"sh","ix":1,"ks":{"a":0,"k":{"i":[[1.933,0],[0,-1.933],[-1.933,0],[0,1.933]],"o":[[-1.933,0],[0,1.933],[1.933,0],[0,-1.933]],"v":[[0,-3.5],[-3.5,0],[0,3.5],[3.5,0]],"c":true},"ix":2},"nm":"Trazado 1","mn":"ADBE Vector Shape - Group","hd":false},{"ty":"fl","c":{"a":0,"k":[0.564705882353,0.725490196078,0.96862745098,1],"ix":4},"o":{"a":0,"k":100,"ix":5},"r":1,"bm":0,"nm":"Fill 1","mn":"ADBE Vector Graphic - Fill","hd":false},{"ty":"tr","p":{"a":0,"k":[-3.5,166.5],"ix":2},"a":{"a":0,"k":[0,0],"ix":1},"s":{"a":0,"k":[100,100],"ix":3},"r":{"a":0,"k":0,"ix":6},"o":{"a":0,"k":100,"ix":7},"sk":{"a":0,"k":0,"ix":4},"sa":{"a":0,"k":0,"ix":5},"nm":"Transformar"}],"nm":"Ellipse 1","np":2,"cix":2,"bm":0,"ix":1,"mn":"ADBE Vector Group","hd":false}],"ip":0,"op":128.128128128128,"st":0,"bm":0},{"ddd":0,"ind":3,"ty":4,"nm":"Shape Layer 8","sr":1,"ks":{"o":{"a":0,"k":100,"ix":11},"r":{"a":0,"k":0,"ix":10},"p":{"a":1,"k":[{"i":{"x":0.667,"y":1},"o":{"x":0.621,"y":0},"t":0,"s":[-71,244,0],"to":[64.5,-25.333,0],"ti":[-16.5,6.667,0]},{"i":{"x":0.667,"y":1},"o":{"x":0.333,"y":0},"t":36.036,"s":[316,92,0],"to":[16.5,-6.667,0],"ti":[25.5,-10.167,0]},{"i":{"x":0,"y":1},"o":{"x":0.703,"y":0},"t":78.078,"s":[28,204,0],"to":[-25.5,10.167,0],"ti":[-22.5,8.5,0]},{"t":102.102102102102,"s":[163,153,0]}],"ix":2},"a":{"a":0,"k":[-2,165,0],"ix":1},"s":{"a":0,"k":[100,100,100],"ix":6}},"ao":0,"shapes":[{"ty":"gr","it":[{"ind":0,"ty":"sh","ix":1,"ks":{"a":0,"k":{"i":[[1.933,0],[0,-1.933],[-1.933,0],[0,1.933]],"o":[[-1.933,0],[0,1.933],[1.933,0],[0,-1.933]],"v":[[0,-3.5],[-3.5,0],[0,3.5],[3.5,0]],"c":true},"ix":2},"nm":"Trazado 1","mn":"ADBE Vector Shape - Group","hd":false},{"ty":"fl","c":{"a":0,"k":[0.137254901961,0.458823529412,0.941176470588,1],"ix":4},"o":{"a":0,"k":100,"ix":5},"r":1,"bm":0,"nm":"Fill 1","mn":"ADBE Vector Graphic - Fill","hd":false},{"ty":"tr","p":{"a":0,"k":[-3.5,166.5],"ix":2},"a":{"a":0,"k":[0,0],"ix":1},"s":{"a":0,"k":[100,100],"ix":3},"r":{"a":0,"k":0,"ix":6},"o":{"a":0,"k":100,"ix":7},"sk":{"a":0,"k":0,"ix":4},"sa":{"a":0,"k":0,"ix":5},"nm":"Transformar"}],"nm":"Ellipse 1","np":2,"cix":2,"bm":0,"ix":1,"mn":"ADBE Vector Group","hd":false}],"ip":0,"op":128.128128128128,"st":0,"bm":0},{"ddd":0,"ind":4,"ty":4,"nm":"Shape Layer 3","sr":1,"ks":{"o":{"a":0,"k":100,"ix":11},"r":{"a":0,"k":0,"ix":10},"p":{"a":1,"k":[{"i":{"x":0.667,"y":1},"o":{"x":0.503,"y":0},"t":0,"s":[385,258,0],"to":[-58.333,-26.333,0],"ti":[12,5.667,0]},{"i":{"x":0.618,"y":1},"o":{"x":0.797,"y":0},"t":36.036,"s":[35,100,0],"to":[-12,-5.667,0],"ti":[-21.333,-9.167,0]},{"i":{"x":0.058,"y":1},"o":{"x":0.496,"y":0},"t":78.078,"s":[313,224,0],"to":[21.333,9.167,0],"ti":[25,11.5,0]},{"t":102.102102102102,"s":[163,155,0]}],"ix":2},"a":{"a":0,"k":[-2,165,0],"ix":1},"s":{"a":0,"k":[100,100,100],"ix":6}},"ao":0,"shapes":[{"ty":"gr","it":[{"ind":0,"ty":"sh","ix":1,"ks":{"a":0,"k":{"i":[[1.933,0],[0,-1.933],[-1.933,0],[0,1.933]],"o":[[-1.933,0],[0,1.933],[1.933,0],[0,-1.933]],"v":[[0,-3.5],[-3.5,0],[0,3.5],[3.5,0]],"c":true},"ix":2},"nm":"Trazado 1","mn":"ADBE Vector Shape - Group","hd":false},{"ty":"fl","c":{"a":0,"k":[0.137254901961,0.458823529412,0.941176470588,1],"ix":4},"o":{"a":0,"k":100,"ix":5},"r":1,"bm":0,"nm":"Fill 1","mn":"ADBE Vector Graphic - Fill","hd":false},{"ty":"tr","p":{"a":0,"k":[-3.5,166.5],"ix":2},"a":{"a":0,"k":[0,0],"ix":1},"s":{"a":0,"k":[100,100],"ix":3},"r":{"a":0,"k":0,"ix":6},"o":{"a":0,"k":100,"ix":7},"sk":{"a":0,"k":0,"ix":4},"sa":{"a":0,"k":0,"ix":5},"nm":"Transformar"}],"nm":"Ellipse 1","np":2,"cix":2,"bm":0,"ix":1,"mn":"ADBE Vector Group","hd":false}],"ip":0,"op":128.128128128128,"st":0,"bm":0},{"ddd":0,"ind":5,"ty":4,"nm":"Shape Layer 7","sr":1,"ks":{"o":{"a":0,"k":100,"ix":11},"r":{"a":0,"k":0,"ix":10},"p":{"a":1,"k":[{"i":{"x":0.065,"y":1},"o":{"x":0.296,"y":0},"t":0,"s":[271,408,0],"to":[-29.167,-65.5,0],"ti":[7.167,16.833,0]},{"i":{"x":0.667,"y":1},"o":{"x":0.333,"y":0},"t":36.036,"s":[96,15,0],"to":[-7.167,-16.833,0],"ti":[-11,-23.5,0]},{"i":{"x":0,"y":1},"o":{"x":0.526,"y":0},"t":78.078,"s":[228,307,0],"to":[11,23.5,0],"ti":[11,25.167,0]},{"t":102.102102102102,"s":[162,156,0]}],"ix":2},"a":{"a":0,"k":[-2,165,0],"ix":1},"s":{"a":0,"k":[100,100,100],"ix":6}},"ao":0,"shapes":[{"ty":"gr","it":[{"ind":0,"ty":"sh","ix":1,"ks":{"a":0,"k":{"i":[[1.933,0],[0,-1.933],[-1.933,0],[0,1.933]],"o":[[-1.933,0],[0,1.933],[1.933,0],[0,-1.933]],"v":[[0,-3.5],[-3.5,0],[0,3.5],[3.5,0]],"c":true},"ix":2},"nm":"Trazado 1","mn":"ADBE Vector Shape - Group","hd":false},{"ty":"fl","c":{"a":0,"k":[0.137254901961,0.458823529412,0.941176470588,1],"ix":4},"o":{"a":0,"k":100,"ix":5},"r":1,"bm":0,"nm":"Fill 1","mn":"ADBE Vector Graphic - Fill","hd":false},{"ty":"tr","p":{"a":0,"k":[-3.5,166.5],"ix":2},"a":{"a":0,"k":[0,0],"ix":1},"s":{"a":0,"k":[100,100],"ix":3},"r":{"a":0,"k":0,"ix":6},"o":{"a":0,"k":100,"ix":7},"sk":{"a":0,"k":0,"ix":4},"sa":{"a":0,"k":0,"ix":5},"nm":"Transformar"}],"nm":"Ellipse 1","np":2,"cix":2,"bm":0,"ix":1,"mn":"ADBE Vector Group","hd":false}],"ip":0,"op":128.128128128128,"st":0,"bm":0},{"ddd":0,"ind":6,"ty":4,"nm":"Shape Layer 6","sr":1,"ks":{"o":{"a":0,"k":100,"ix":11},"r":{"a":0,"k":0,"ix":10},"p":{"a":1,"k":[{"i":{"x":0.124,"y":1},"o":{"x":0.333,"y":0},"t":0,"s":[90,412,0],"to":[18,-66.833,0],"ti":[-5,18.167,0]},{"i":{"x":0.44,"y":1},"o":{"x":0.333,"y":0},"t":36.036,"s":[198,11,0],"to":[5,-18.167,0],"ti":[6.167,-23.833,0]},{"i":{"x":0,"y":1},"o":{"x":0.703,"y":0},"t":78.078,"s":[120,303,0],"to":[-6.167,23.833,0],"ti":[-6.833,24.833,0]},{"t":102.102102102102,"s":[161,154,0]}],"ix":2},"a":{"a":0,"k":[-2,165,0],"ix":1},"s":{"a":0,"k":[100,100,100],"ix":6}},"ao":0,"shapes":[{"ty":"gr","it":[{"ind":0,"ty":"sh","ix":1,"ks":{"a":0,"k":{"i":[[1.933,0],[0,-1.933],[-1.933,0],[0,1.933]],"o":[[-1.933,0],[0,1.933],[1.933,0],[0,-1.933]],"v":[[0,-3.5],[-3.5,0],[0,3.5],[3.5,0]],"c":true},"ix":2},"nm":"Trazado 1","mn":"ADBE Vector Shape - Group","hd":false},{"ty":"fl","c":{"a":0,"k":[0.444761029412,0.66685665355,1,1],"ix":4},"o":{"a":0,"k":100,"ix":5},"r":1,"bm":0,"nm":"Fill 1","mn":"ADBE Vector Graphic - Fill","hd":false},{"ty":"tr","p":{"a":0,"k":[-3.5,166.5],"ix":2},"a":{"a":0,"k":[0,0],"ix":1},"s":{"a":0,"k":[100,100],"ix":3},"r":{"a":0,"k":0,"ix":6},"o":{"a":0,"k":100,"ix":7},"sk":{"a":0,"k":0,"ix":4},"sa":{"a":0,"k":0,"ix":5},"nm":"Transformar"}],"nm":"Ellipse 1","np":2,"cix":2,"bm":0,"ix":1,"mn":"ADBE Vector Group","hd":false}],"ip":0,"op":128.128128128128,"st":0,"bm":0},{"ddd":0,"ind":7,"ty":4,"nm":"Shape Layer 4","sr":1,"ks":{"o":{"a":0,"k":100,"ix":11},"r":{"a":0,"k":0,"ix":10},"p":{"a":1,"k":[{"i":{"x":0.667,"y":1},"o":{"x":0.71,"y":0},"t":0,"s":[372,368,0],"to":[-55.833,-54.833,0],"ti":[11,11,0]},{"i":{"x":0.573,"y":1},"o":{"x":0.333,"y":0},"t":36.036,"s":[37,39,0],"to":[-11,-11,0],"ti":[-20.167,-19.5,0]},{"i":{"x":0.043,"y":1},"o":{"x":0.481,"y":0},"t":78.078,"s":[306,302,0],"to":[20.167,19.5,0],"ti":[24.667,24.333,0]},{"t":102.102102102102,"s":[158,156,0]}],"ix":2},"a":{"a":0,"k":[-2,165,0],"ix":1},"s":{"a":0,"k":[100,100,100],"ix":6}},"ao":0,"shapes":[{"ty":"gr","it":[{"ind":0,"ty":"sh","ix":1,"ks":{"a":0,"k":{"i":[[1.933,0],[0,-1.933],[-1.933,0],[0,1.933]],"o":[[-1.933,0],[0,1.933],[1.933,0],[0,-1.933]],"v":[[0,-3.5],[-3.5,0],[0,3.5],[3.5,0]],"c":true},"ix":2},"nm":"Trazado 1","mn":"ADBE Vector Shape - Group","hd":false},{"ty":"fl","c":{"a":0,"k":[0.444761029412,0.66685665355,1,1],"ix":4},"o":{"a":0,"k":100,"ix":5},"r":1,"bm":0,"nm":"Fill 1","mn":"ADBE Vector Graphic - Fill","hd":false},{"ty":"tr","p":{"a":0,"k":[-3.5,166.5],"ix":2},"a":{"a":0,"k":[0,0],"ix":1},"s":{"a":0,"k":[100,100],"ix":3},"r":{"a":0,"k":0,"ix":6},"o":{"a":0,"k":100,"ix":7},"sk":{"a":0,"k":0,"ix":4},"sa":{"a":0,"k":0,"ix":5},"nm":"Transformar"}],"nm":"Ellipse 1","np":2,"cix":2,"bm":0,"ix":1,"mn":"ADBE Vector Group","hd":false}],"ip":0,"op":128.128128128128,"st":0,"bm":0},{"ddd":0,"ind":8,"ty":4,"nm":"Shape Layer 1","sr":1,"ks":{"o":{"a":0,"k":100,"ix":11},"r":{"a":0,"k":0,"ix":10},"p":{"a":1,"k":[{"i":{"x":0.667,"y":1},"o":{"x":0.636,"y":0},"t":0,"s":[-37,351,0],"to":[55.833,-54.5,0],"ti":[-12.167,12.667,0]},{"i":{"x":0.362,"y":1},"o":{"x":0.333,"y":0},"t":36.036,"s":[298,24,0],"to":[12.167,-12.667,0],"ti":[23.167,-21.667,0]},{"i":{"x":0,"y":1},"o":{"x":0.644,"y":0},"t":78.078,"s":[36,275,0],"to":[-23.167,21.667,0],"ti":[-20.5,20.167,0]},{"t":102.102102102102,"s":[159,154,0]}],"ix":2},"a":{"a":0,"k":[-2,165,0],"ix":1},"s":{"a":0,"k":[100,100,100],"ix":6}},"ao":0,"shapes":[{"ty":"gr","it":[{"ind":0,"ty":"sh","ix":1,"ks":{"a":0,"k":{"i":[[1.933,0],[0,-1.933],[-1.933,0],[0,1.933]],"o":[[-1.933,0],[0,1.933],[1.933,0],[0,-1.933]],"v":[[0,-3.5],[-3.5,0],[0,3.5],[3.5,0]],"c":true},"ix":2},"nm":"Trazado 1","mn":"ADBE Vector Shape - Group","hd":false},{"ty":"fl","c":{"a":0,"k":[0.564705882353,0.725490196078,0.96862745098,1],"ix":4},"o":{"a":0,"k":100,"ix":5},"r":1,"bm":0,"nm":"Fill 1","mn":"ADBE Vector Graphic - Fill","hd":false},{"ty":"tr","p":{"a":0,"k":[-3.5,166.5],"ix":2},"a":{"a":0,"k":[0,0],"ix":1},"s":{"a":0,"k":[100,100],"ix":3},"r":{"a":0,"k":0,"ix":6},"o":{"a":0,"k":100,"ix":7},"sk":{"a":0,"k":0,"ix":4},"sa":{"a":0,"k":0,"ix":5},"nm":"Transformar"}],"nm":"Ellipse 1","np":2,"cix":2,"bm":0,"ix":1,"mn":"ADBE Vector Group","hd":false}],"ip":0,"op":128.128128128128,"st":0,"bm":0}]},{"id":"comp_1","layers":[{"ddd":0,"ind":1,"ty":4,"nm":"Trazado 1242","sr":1,"ks":{"o":{"a":0,"k":100,"ix":11},"r":{"a":1,"k":[{"i":{"x":[0.667],"y":[1]},"o":{"x":[0.333],"y":[0]},"t":0,"s":[0]},{"i":{"x":[0.667],"y":[1]},"o":{"x":[0.333],"y":[0]},"t":86,"s":[13]},{"t":179,"s":[0]}],"ix":10},"p":{"a":0,"k":[159.334,111.378,0],"ix":2},"a":{"a":0,"k":[82.634,82.634,0],"ix":1},"s":{"a":0,"k":[100,100,100],"ix":6}},"ao":0,"shapes":[{"ty":"gr","it":[{"ind":0,"ty":"sh","ix":1,"ks":{"a":0,"k":{"i":[[-1.103,0],[0,0],[1.098,0.044],[0,0]],"o":[[0,0],[-1.095,0],[0,0],[1.105,0.044]],"v":[[82.588,165.268],[82.589,164.717],[79.283,164.65],[79.261,165.201]],"c":true},"ix":2},"nm":"Trazado 1","mn":"ADBE Vector Shape - Group","hd":false},{"ind":1,"ty":"sh","ix":2,"ks":{"a":0,"k":{"i":[[0,0],[-1.102,0.087],[0,0],[1.094,-0.043]],"o":[[1.101,-0.043],[0,0],[-1.095,0.087],[0,0]],"v":[[85.914,165.204],[89.235,165.008],[89.192,164.459],[85.893,164.654]],"c":true},"ix":2},"nm":"Trazado 2","mn":"ADBE Vector Shape - Group","hd":false},{"ind":2,"ty":"sh","ix":3,"ks":{"a":0,"k":{"i":[[-1.101,-0.088],[0,0],[1.089,0.132],[0,0]],"o":[[0,0],[-1.093,-0.087],[0,0],[1.096,0.132]],"v":[[75.94,165.001],[75.984,164.452],[72.696,164.122],[72.63,164.669]],"c":true},"ix":2},"nm":"Trazado 3","mn":"ADBE Vector Shape - Group","hd":false},{"ind":3,"ty":"sh","ix":4,"ks":{"a":0,"k":{"i":[[0,0],[-1.088,0.175],[0,0],[1.091,-0.13]],"o":[[1.098,-0.132],[0,0],[-1.081,0.173],[0,0]],"v":[[92.546,164.68],[95.841,164.219],[95.754,163.675],[92.481,164.133]],"c":true},"ix":2},"nm":"Trazado 4","mn":"ADBE Vector Shape - Group","hd":false},{"ind":4,"ty":"sh","ix":5,"ks":{"a":0,"k":{"i":[[-1.088,-0.176],[0,0],[1.077,0.219],[0,0],[-1.088,-0.176]],"o":[[0,0],[-1.08,-0.175],[0,0],[1.084,0.221],[0,0]],"v":[[69.336,164.204],[69.424,163.66],[66.173,163.067],[66.063,163.606],[69.336,164.204]],"c":true},"ix":2},"nm":"Trazado 5","mn":"ADBE Vector Shape - Group","hd":false},{"ind":5,"ty":"sh","ix":6,"ks":{"a":0,"k":{"i":[[0,0],[-1.071,0.262],[0,0],[1.077,-0.218]],"o":[[1.084,-0.22],[0,0],[-1.063,0.261],[0,0]],"v":[[99.115,163.625],[102.362,162.899],[102.231,162.363],[99.006,163.085]],"c":true},"ix":2},"nm":"Trazado 6","mn":"ADBE Vector Shape - Group","hd":false},{"ind":6,"ty":"sh","ix":7,"ks":{"a":0,"k":{"i":[[-1.074,-0.264],[0,0],[1.052,0.305],[0,0]],"o":[[0,0],[-1.067,-0.263],[0,0],[1.059,0.307]],"v":[[62.816,162.876],[62.948,162.342],[59.756,161.487],[59.602,162.016]],"c":true},"ix":2},"nm":"Trazado 7","mn":"ADBE Vector Shape - Group","hd":false},{"ind":7,"ty":"sh","ix":8,"ks":{"a":0,"k":{"i":[[0,0],[-1.046,0.348],[0,0],[1.055,-0.305]],"o":[[1.062,-0.307],[0,0],[-1.039,0.346],[0,0]],"v":[[105.577,162.042],[108.755,161.055],[108.581,160.532],[105.424,161.512]],"c":true},"ix":2},"nm":"Trazado 8","mn":"ADBE Vector Shape - Group","hd":false},{"ind":8,"ty":"sh","ix":9,"ks":{"a":0,"k":{"i":[[-1.047,-0.35],[0,0],[1.026,0.39],[0,0]],"o":[[0,0],[-1.04,-0.348],[0,0],[1.033,0.392]],"v":[[56.426,161.026],[56.601,160.503],[53.488,159.392],[53.292,159.907]],"c":true},"ix":2},"nm":"Trazado 9","mn":"ADBE Vector Shape - Group","hd":false},{"ind":9,"ty":"sh","ix":10,"ks":{"a":0,"k":{"i":[[0,0],[-1.02,0.434],[0,0],[1.027,-0.389]],"o":[[1.034,-0.392],[0,0],[-1.013,0.431],[0,0]],"v":[[111.898,159.937],[114.993,158.692],[114.777,158.185],[111.703,159.422]],"c":true},"ix":2},"nm":"Trazado 10","mn":"ADBE Vector Shape - Group","hd":false},{"ind":10,"ty":"sh","ix":11,"ks":{"a":0,"k":{"i":[[-1.014,-0.433],[0,0],[0.987,0.469],[0,0]],"o":[[0,0],[-1.007,-0.43],[0,0],[0.994,0.472]],"v":[[50.215,158.666],[50.431,158.16],[47.426,156.804],[47.189,157.302]],"c":true},"ix":2},"nm":"Trazado 11","mn":"ADBE Vector Shape - Group","hd":false},{"ind":11,"ty":"sh","ix":12,"ks":{"a":0,"k":{"i":[[0,0],[-0.978,0.514],[0,0],[0.994,-0.472]],"o":[[1.001,-0.475],[0,0],[-0.971,0.51],[0,0]],"v":[[118.033,157.324],[121.015,155.833],[120.758,155.346],[117.797,156.826]],"c":true},"ix":2},"nm":"Trazado 12","mn":"ADBE Vector Shape - Group","hd":false},{"ind":12,"ty":"sh","ix":13,"ks":{"a":0,"k":{"i":[[-0.977,-0.514],[0,0],[0.946,0.547],[0,0]],"o":[[0,0],[-0.97,-0.511],[0,0],[0.953,0.551]],"v":[[44.22,155.816],[44.476,155.328],[41.588,153.734],[41.312,154.21]],"c":true},"ix":2},"nm":"Trazado 13","mn":"ADBE Vector Shape - Group","hd":false},{"ind":13,"ty":"sh","ix":14,"ks":{"a":0,"k":{"i":[[0,0],[-0.931,0.59],[0,0],[0.954,-0.551]],"o":[[0.96,-0.555],[0,0],[-0.925,0.586],[0,0]],"v":[[123.933,154.224],[126.783,152.499],[126.488,152.033],[123.657,153.747]],"c":true},"ix":2},"nm":"Trazado 14","mn":"ADBE Vector Shape - Group","hd":false},{"ind":14,"ty":"sh","ix":15,"ks":{"a":0,"k":{"i":[[-0.93,-0.589],[0,0],[0.903,0.624],[0,0]],"o":[[0,0],[-0.923,-0.585],[0,0],[0.909,0.629]],"v":[[38.47,152.489],[38.765,152.023],[36.012,150.201],[35.699,150.654]],"c":true},"ix":2},"nm":"Trazado 15","mn":"ADBE Vector Shape - Group","hd":false},{"ind":15,"ty":"sh","ix":16,"ks":{"a":0,"k":{"i":[[0,0],[-0.881,0.663],[0,0],[0.905,-0.625]],"o":[[0.911,-0.629],[0,0],[-0.875,0.658],[0,0]],"v":[[129.56,150.661],[132.261,148.713],[131.93,148.273],[129.247,150.208]],"c":true},"ix":2},"nm":"Trazado 16","mn":"ADBE Vector Shape - Group","hd":false},{"ind":16,"ty":"sh","ix":17,"ks":{"a":0,"k":{"i":[[-0.879,-0.661],[0,0],[0.851,0.696],[0,0]],"o":[[0,0],[-0.873,-0.657],[0,0],[0.857,0.7]],"v":[[33.003,148.709],[33.335,148.269],[30.735,146.231],[30.387,146.658]],"c":true},"ix":2},"nm":"Trazado 17","mn":"ADBE Vector Shape - Group","hd":false},{"ind":17,"ty":"sh","ix":18,"ks":{"a":0,"k":{"i":[[0,0],[-0.827,0.733],[0,0],[0.85,-0.694]],"o":[[0.855,-0.699],[0,0],[-0.821,0.728],[0,0]],"v":[[134.881,146.658],[137.416,144.501],[137.05,144.089],[134.532,146.232]],"c":true},"ix":2},"nm":"Trazado 18","mn":"ADBE Vector Shape - Group","hd":false},{"ind":18,"ty":"sh","ix":19,"ks":{"a":0,"k":{"i":[[-0.826,-0.732],[0,0],[0.791,0.759],[0,0]],"o":[[0,0],[-0.821,-0.727],[0,0],[0.796,0.764]],"v":[[27.854,144.502],[28.219,144.09],[25.79,141.849],[25.409,142.247]],"c":true},"ix":2},"nm":"Trazado 19","mn":"ADBE Vector Shape - Group","hd":false},{"ind":19,"ty":"sh","ix":20,"ks":{"a":0,"k":{"i":[[0,0],[-0.767,0.797],[0,0],[0.79,-0.758]],"o":[[0.794,-0.763],[0,0],[-0.762,0.792],[0,0]],"v":[[139.862,142.245],[142.215,139.892],[141.818,139.511],[139.48,141.847]],"c":true},"ix":2},"nm":"Trazado 20","mn":"ADBE Vector Shape - Group","hd":false},{"ind":20,"ty":"sh","ix":21,"ks":{"a":0,"k":{"i":[[-0.764,-0.795],[0,0],[0.729,0.822],[0,0]],"o":[[0,0],[-0.759,-0.79],[0,0],[0.734,0.827]],"v":[[23.056,139.895],[23.453,139.513],[21.21,137.084],[20.798,137.45]],"c":true},"ix":2},"nm":"Trazado 21","mn":"ADBE Vector Shape - Group","hd":false},{"ind":21,"ty":"sh","ix":22,"ks":{"a":0,"k":{"i":[[0,0],[-0.697,0.852],[0,0],[0.729,-0.822]],"o":[[0.734,-0.828],[0,0],[-0.692,0.847],[0,0]],"v":[[144.472,137.449],[146.629,134.917],[146.202,134.568],[144.06,137.083]],"c":true},"ix":2},"nm":"Trazado 22","mn":"ADBE Vector Shape - Group","hd":false},{"ind":22,"ty":"sh","ix":23,"ks":{"a":0,"k":{"i":[[-0.7,-0.857],[0,0],[0.659,0.875],[0,0]],"o":[[0,0],[-0.696,-0.851],[0,0],[0.663,0.881]],"v":[[18.639,134.916],[19.066,134.568],[17.023,131.966],[16.583,132.298]],"c":true},"ix":2},"nm":"Trazado 23","mn":"ADBE Vector Shape - Group","hd":false},{"ind":23,"ty":"sh","ix":24,"ks":{"a":0,"k":{"i":[[0,0],[-0.628,0.907],[0,0],[0.66,-0.876]],"o":[[0.664,-0.881],[0,0],[-0.623,0.901],[0,0]],"v":[[148.682,132.302],[150.628,129.607],[150.175,129.293],[148.242,131.97]],"c":true},"ix":2},"nm":"Trazado 24","mn":"ADBE Vector Shape - Group","hd":false},{"ind":24,"ty":"sh","ix":25,"ks":{"a":0,"k":{"i":[[-0.63,-0.911],[0,0],[0.587,0.925],[0,0]],"o":[[0,0],[-0.626,-0.905],[0,0],[0.591,0.932]],"v":[[14.634,129.598],[15.087,129.285],[13.26,126.527],[12.794,126.821]],"c":true},"ix":2},"nm":"Trazado 25","mn":"ADBE Vector Shape - Group","hd":false},{"ind":25,"ty":"sh","ix":26,"ks":{"a":0,"k":{"i":[[0,0],[-0.553,0.954],[0,0],[0.586,-0.925]],"o":[[0.59,-0.931],[0,0],[-0.549,0.948],[0,0]],"v":[[152.465,126.837],[154.188,123.996],[153.711,123.72],[151.999,126.542]],"c":true},"ix":2},"nm":"Trazado 26","mn":"ADBE Vector Shape - Group","hd":false},{"ind":26,"ty":"sh","ix":27,"ks":{"a":0,"k":{"i":[[-0.555,-0.959],[0,0],[0.51,0.97],[0,0]],"o":[[0,0],[-0.551,-0.953],[0,0],[0.513,0.976]],"v":[[11.067,123.973],[11.544,123.697],[9.944,120.799],[9.456,121.055]],"c":true},"ix":2},"nm":"Trazado 27","mn":"ADBE Vector Shape - Group","hd":false},{"ind":27,"ty":"sh","ix":28,"ks":{"a":0,"k":{"i":[[0,0],[-0.474,0.995],[0,0],[0.51,-0.968]],"o":[[0.513,-0.975],[0,0],[-0.471,0.989],[0,0]],"v":[[155.794,121.089],[157.282,118.12],[156.785,117.883],[155.307,120.832]],"c":true},"ix":2},"nm":"Trazado 28","mn":"ADBE Vector Shape - Group","hd":false},{"ind":28,"ty":"sh","ix":29,"ks":{"a":0,"k":{"i":[[-0.475,-0.999],[0,0],[0.431,1.011],[0,0]],"o":[[0,0],[-0.471,-0.992],[0,0],[0.434,1.018]],"v":[[7.964,118.075],[8.462,117.838],[7.101,114.819],[6.594,115.035]],"c":true},"ix":2},"nm":"Trazado 29","mn":"ADBE Vector Shape - Group","hd":false},{"ind":29,"ty":"sh","ix":30,"ks":{"a":0,"k":{"i":[[0,0],[-0.391,1.027],[0,0],[0.431,-1.008]],"o":[[0.434,-1.015],[0,0],[-0.388,1.02],[0,0]],"v":[[158.648,115.096],[159.891,112.019],[159.376,111.823],[158.142,114.879]],"c":true},"ix":2},"nm":"Trazado 30","mn":"ADBE Vector Shape - Group","hd":false},{"ind":30,"ty":"sh","ix":31,"ks":{"a":0,"k":{"i":[[-0.393,-1.038],[0,0],[0.347,1.041],[0,0]],"o":[[0,0],[-0.391,-1.031],[0,0],[0.349,1.048]],"v":[[5.347,111.941],[5.863,111.746],[4.75,108.624],[4.228,108.798]],"c":true},"ix":2},"nm":"Trazado 31","mn":"ADBE Vector Shape - Group","hd":false},{"ind":31,"ty":"sh","ix":32,"ks":{"a":0,"k":{"i":[[0,0],[-0.307,1.06],[0,0],[0.348,-1.04]],"o":[[0.351,-1.047],[0,0],[-0.306,1.053],[0,0]],"v":[[161.011,108.886],[162.003,105.71],[161.474,105.556],[160.489,108.711]],"c":true},"ix":2},"nm":"Trazado 32","mn":"ADBE Vector Shape - Group","hd":false},{"ind":32,"ty":"sh","ix":33,"ks":{"a":0,"k":{"i":[[-0.306,-1.058],[0,0],[0.262,1.068],[0,0]],"o":[[0,0],[-0.304,-1.051],[0,0],[0.264,1.075]],"v":[[3.239,105.621],[3.769,105.468],[2.915,102.275],[2.381,102.406]],"c":true},"ix":2},"nm":"Trazado 33","mn":"ADBE Vector Shape - Group","hd":false},{"ind":33,"ty":"sh","ix":34,"ks":{"a":0,"k":{"i":[[0,0],[-0.221,1.081],[0,0],[0.263,-1.065]],"o":[[0.265,-1.073],[0,0],[-0.219,1.074],[0,0]],"v":[[162.866,102.496],[163.597,99.25],[163.057,99.14],[162.331,102.364]],"c":true},"ix":2},"nm":"Trazado 34","mn":"ADBE Vector Shape - Group","hd":false},{"ind":34,"ty":"sh","ix":35,"ks":{"a":0,"k":{"i":[[-0.219,-1.081],[0,0],[0.175,1.084],[0,0]],"o":[[0,0],[-0.218,-1.073],[0,0],[0.176,1.092]],"v":[[1.653,99.16],[2.193,99.05],[1.601,95.799],[1.057,95.887]],"c":true},"ix":2},"nm":"Trazado 35","mn":"ADBE Vector Shape - Group","hd":false},{"ind":35,"ty":"sh","ix":36,"ks":{"a":0,"k":{"i":[[0,0],[-0.133,1.098],[0,0],[0.175,-1.08]],"o":[[0.177,-1.088],[0,0],[-0.132,1.091],[0,0]],"v":[[164.197,95.978],[164.663,92.683],[164.117,92.617],[163.653,95.889]],"c":true},"ix":2},"nm":"Trazado 36","mn":"ADBE Vector Shape - Group","hd":false},{"ind":36,"ty":"sh","ix":37,"ks":{"a":0,"k":{"i":[[-0.132,-1.098],[0,0],[0.087,1.091],[0,0]],"o":[[0,0],[-0.131,-1.091],[0,0],[0.087,1.099]],"v":[[0.594,92.592],[1.141,92.526],[0.813,89.238],[0.264,89.281]],"c":true},"ix":2},"nm":"Trazado 37","mn":"ADBE Vector Shape - Group","hd":false},{"ind":37,"ty":"sh","ix":38,"ks":{"a":0,"k":{"i":[[0,0],[-0.045,1.103],[0,0],[0.088,-1.093]],"o":[[0.089,-1.1],[0,0],[-0.044,1.096],[0,0]],"v":[[164.997,89.374],[165.199,86.052],[164.648,86.03],[164.448,89.329]],"c":true},"ix":2},"nm":"Trazado 38","mn":"ADBE Vector Shape - Group","hd":false},{"ind":38,"ty":"sh","ix":39,"ks":{"a":0,"k":{"i":[[-0.044,-1.105],[0,0],[0,1.095],[0,0],[0,0],[0,0]],"o":[[0,0],[-0.043,-1.098],[0,0],[0,0],[0,0],[0,1.103]],"v":[[0.066,85.96],[0.616,85.939],[0.551,82.634],[0.551,82.452],[0,82.452],[0,82.633]],"c":true},"ix":2},"nm":"Trazado 39","mn":"ADBE Vector Shape - Group","hd":false},{"ind":39,"ty":"sh","ix":40,"ks":{"a":0,"k":{"i":[[0,0],[0,0],[0,0],[0.041,1.07],[0,0],[0,-1.069]],"o":[[0,0],[0,0],[0,-1.075],[0,0],[0.041,1.063],[0,0]],"v":[[164.717,82.726],[165.268,82.726],[165.268,82.633],[165.206,79.4],[164.656,79.421],[164.717,82.634]],"c":true},"ix":2},"nm":"Trazado 40","mn":"ADBE Vector Shape - Group","hd":false},{"ind":40,"ty":"sh","ix":41,"ks":{"a":0,"k":{"i":[[0,0],[-0.09,1.095],[0,0],[0.046,-1.101]],"o":[[0.046,-1.094],[0,0],[-0.09,1.102],[0,0]],"v":[[0.624,79.148],[0.827,75.849],[0.278,75.804],[0.073,79.125]],"c":true},"ix":2},"nm":"Trazado 41","mn":"ADBE Vector Shape - Group","hd":false},{"ind":41,"ty":"sh","ix":42,"ks":{"a":0,"k":{"i":[[-0.086,-1.096],[0,0],[0.13,1.094],[0,0]],"o":[[0,0],[-0.087,-1.103],[0,0],[0.129,1.087]],"v":[[164.463,76.122],[165.012,76.079],[164.685,72.768],[164.138,72.833]],"c":true},"ix":2},"nm":"Trazado 42","mn":"ADBE Vector Shape - Group","hd":false},{"ind":42,"ty":"sh","ix":43,"ks":{"a":0,"k":{"i":[[0,0],[-0.178,1.084],[0,0],[0.133,-1.094]],"o":[[0.133,-1.086],[0,0],[-0.178,1.092],[0,0]],"v":[[1.163,72.561],[1.63,69.29],[1.086,69.201],[0.616,72.495]],"c":true},"ix":2},"nm":"Trazado 43","mn":"ADBE Vector Shape - Group","hd":false},{"ind":43,"ty":"sh","ix":44,"ks":{"a":0,"k":{"i":[[-0.173,-1.084],[0,0],[0.219,1.082],[0,0]],"o":[[0,0],[-0.175,-1.091],[0,0],[0.217,1.074]],"v":[[163.682,69.56],[164.226,69.472],[163.633,66.198],[163.094,66.307]],"c":true},"ix":2},"nm":"Trazado 44","mn":"ADBE Vector Shape - Group","hd":false},{"ind":44,"ty":"sh","ix":45,"ks":{"a":0,"k":{"i":[[0,0],[-0.263,1.062],[0,0],[0.222,-1.084]],"o":[[0.221,-1.076],[0,0],[-0.265,1.07],[0,0]],"v":[[2.229,66.04],[2.96,62.816],[2.425,62.684],[1.69,65.929]],"c":true},"ix":2},"nm":"Trazado 45","mn":"ADBE Vector Shape - Group","hd":false},{"ind":45,"ty":"sh","ix":46,"ks":{"a":0,"k":{"i":[[-0.26,-1.065],[0,0],[0.306,1.062],[0,0]],"o":[[0,0],[-0.262,-1.072],[0,0],[0.304,1.055]],"v":[[162.374,63.082],[162.91,62.951],[162.054,59.735],[161.525,59.888]],"c":true},"ix":2},"nm":"Trazado 46","mn":"ADBE Vector Shape - Group","hd":false},{"ind":46,"ty":"sh","ix":47,"ks":{"a":0,"k":{"i":[[0,0],[-0.35,1.04],[0,0],[0.309,-1.059]],"o":[[0.307,-1.052],[0,0],[-0.352,1.047],[0,0]],"v":[[3.819,59.625],[4.808,56.472],[4.286,56.296],[3.291,59.471]],"c":true},"ix":2},"nm":"Trazado 47","mn":"ADBE Vector Shape - Group","hd":false},{"ind":47,"ty":"sh","ix":48,"ks":{"a":0,"k":{"i":[[-0.346,-1.042],[0,0],[0.392,1.037],[0,0]],"o":[[0,0],[-0.349,-1.049],[0,0],[0.39,1.03]],"v":[[160.547,56.731],[161.069,56.557],[159.953,53.413],[159.438,53.608]],"c":true},"ix":2},"nm":"Trazado 48","mn":"ADBE Vector Shape - Group","hd":false},{"ind":48,"ty":"sh","ix":49,"ks":{"a":0,"k":{"i":[[0,0],[-0.43,1.002],[0,0],[0.394,-1.032]],"o":[[0.391,-1.025],[0,0],[-0.433,1.009],[0,0]],"v":[[5.925,53.361],[7.162,50.306],[6.656,50.089],[5.41,53.164]],"c":true},"ix":2},"nm":"Trazado 49","mn":"ADBE Vector Shape - Group","hd":false},{"ind":49,"ty":"sh","ix":50,"ks":{"a":0,"k":{"i":[[-0.43,-1.011],[0,0],[0.474,1],[0,0]],"o":[[0,0],[-0.433,-1.018],[0,0],[0.471,0.993]],"v":[[158.203,50.533],[158.71,50.318],[157.343,47.277],[156.845,47.513]],"c":true},"ix":2},"nm":"Trazado 50","mn":"ADBE Vector Shape - Group","hd":false},{"ind":50,"ty":"sh","ix":51,"ks":{"a":0,"k":{"i":[[0,0],[-0.511,0.968],[0,0],[0.474,-0.994]],"o":[[0.472,-0.987],[0,0],[-0.515,0.975],[0,0]],"v":[[8.523,47.303],[10.003,44.356],[9.517,44.099],[8.026,47.066]],"c":true},"ix":2},"nm":"Trazado 51","mn":"ADBE Vector Shape - Group","hd":false},{"ind":51,"ty":"sh","ix":52,"ks":{"a":0,"k":{"i":[[-0.51,-0.972],[0,0],[0.553,0.958],[0,0]],"o":[[0,0],[-0.513,-0.979],[0,0],[0.55,0.952]],"v":[[155.367,44.55],[155.854,44.294],[154.247,41.375],[153.77,41.651]],"c":true},"ix":2},"nm":"Trazado 52","mn":"ADBE Vector Shape - Group","hd":false},{"ind":52,"ty":"sh","ix":53,"ks":{"a":0,"k":{"i":[[0,0],[-0.587,0.923],[0,0],[0.555,-0.955]],"o":[[0.551,-0.948],[0,0],[-0.591,0.929],[0,0]],"v":[[11.603,41.47],[13.317,38.65],[12.853,38.355],[11.126,41.194]],"c":true},"ix":2},"nm":"Trazado 53","mn":"ADBE Vector Shape - Group","hd":false},{"ind":53,"ty":"sh","ix":54,"ks":{"a":0,"k":{"i":[[-0.587,-0.928],[0,0],[0.628,0.909],[0,0]],"o":[[0,0],[-0.591,-0.934],[0,0],[0.624,0.903]],"v":[[152.057,38.819],[152.523,38.524],[150.686,35.746],[150.233,36.059]],"c":true},"ix":2},"nm":"Trazado 54","mn":"ADBE Vector Shape - Group","hd":false},{"ind":54,"ty":"sh","ix":55,"ks":{"a":0,"k":{"i":[[0,0],[-0.66,0.874],[0,0],[0.629,-0.907]],"o":[[0.625,-0.9],[0,0],[-0.664,0.88],[0,0]],"v":[[15.145,35.901],[17.081,33.226],[16.641,32.894],[14.692,35.587]],"c":true},"ix":2},"nm":"Trazado 55","mn":"ADBE Vector Shape - Group","hd":false},{"ind":55,"ty":"sh","ix":56,"ks":{"a":0,"k":{"i":[[-0.66,-0.878],[0,0],[0.698,0.856],[0,0]],"o":[[0,0],[-0.664,-0.884],[0,0],[0.694,0.85]],"v":[[148.3,33.375],[148.74,33.044],[146.687,30.423],[146.26,30.771]],"c":true},"ix":2},"nm":"Trazado 56","mn":"ADBE Vector Shape - Group","hd":false},{"ind":56,"ty":"sh","ix":57,"ks":{"a":0,"k":{"i":[[0,0],[-0.728,0.819],[0,0],[0.7,-0.854]],"o":[[0.695,-0.848],[0,0],[-0.734,0.825],[0,0]],"v":[[19.123,30.63],[21.269,28.118],[20.857,27.752],[18.697,30.281]],"c":true},"ix":2},"nm":"Trazado 57","mn":"ADBE Vector Shape - Group","hd":false},{"ind":57,"ty":"sh","ix":58,"ks":{"a":0,"k":{"i":[[-0.727,-0.821],[0,0],[0.765,0.798],[0,0]],"o":[[0,0],[-0.731,-0.826],[0,0],[0.76,0.792]],"v":[[144.119,28.252],[144.531,27.887],[142.276,25.439],[141.878,25.821]],"c":true},"ix":2},"nm":"Trazado 58","mn":"ADBE Vector Shape - Group","hd":false},{"ind":58,"ty":"sh","ix":59,"ks":{"a":0,"k":{"i":[[0,0],[-0.791,0.758],[0,0],[0.767,-0.796]],"o":[[0.762,-0.791],[0,0],[-0.796,0.763],[0,0]],"v":[[23.513,25.692],[25.854,23.358],[25.472,22.961],[23.117,25.31]],"c":true},"ix":2},"nm":"Trazado 59","mn":"ADBE Vector Shape - Group","hd":false},{"ind":59,"ty":"sh","ix":60,"ks":{"a":0,"k":{"i":[[-0.79,-0.76],[0,0],[0.826,0.734],[0,0]],"o":[[0,0],[-0.795,-0.765],[0,0],[0.82,0.729]],"v":[[139.543,23.482],[139.925,23.085],[137.483,20.827],[137.117,21.239]],"c":true},"ix":2},"nm":"Trazado 60","mn":"ADBE Vector Shape - Group","hd":false},{"ind":60,"ty":"sh","ix":61,"ks":{"a":0,"k":{"i":[[0,0],[-0.849,0.692],[0,0],[0.828,-0.733]],"o":[[0.823,-0.728],[0,0],[-0.855,0.697],[0,0]],"v":[[28.285,21.119],[30.806,18.979],[30.458,18.552],[27.921,20.707]],"c":true},"ix":2},"nm":"Trazado 61","mn":"ADBE Vector Shape - Group","hd":false},{"ind":61,"ty":"sh","ix":62,"ks":{"a":0,"k":{"i":[[-0.849,-0.695],[0,0],[0.88,0.663],[0,0]],"o":[[0,0],[-0.855,-0.7],[0,0],[0.874,0.659]],"v":[[134.603,19.095],[134.952,18.669],[132.338,16.614],[132.007,17.054]],"c":true},"ix":2},"nm":"Trazado 62","mn":"ADBE Vector Shape - Group","hd":false},{"ind":62,"ty":"sh","ix":63,"ks":{"a":0,"k":{"i":[[0,0],[-0.902,0.622],[0,0],[0.885,-0.664]],"o":[[0.879,-0.66],[0,0],[-0.909,0.627],[0,0]],"v":[[33.411,16.942],[36.096,15.01],[35.783,14.556],[33.08,16.501]],"c":true},"ix":2},"nm":"Trazado 63","mn":"ADBE Vector Shape - Group","hd":false},{"ind":63,"ty":"sh","ix":64,"ks":{"a":0,"k":{"i":[[-0.902,-0.625],[0,0],[0.929,0.59],[0,0]],"o":[[0,0],[-0.908,-0.629],[0,0],[0.923,0.586]],"v":[[129.33,15.119],[129.644,14.666],[126.875,12.828],[126.58,13.293]],"c":true},"ix":2},"nm":"Trazado 64","mn":"ADBE Vector Shape - Group","hd":false},{"ind":64,"ty":"sh","ix":65,"ks":{"a":0,"k":{"i":[[0,0],[-0.951,0.548],[0,0],[0.935,-0.591]],"o":[[0.929,-0.587],[0,0],[-0.957,0.552],[0,0]],"v":[[38.857,13.186],[41.69,11.476],[41.415,10.999],[38.563,12.721]],"c":true},"ix":2},"nm":"Trazado 65","mn":"ADBE Vector Shape - Group","hd":false},{"ind":65,"ty":"sh","ix":66,"ks":{"a":0,"k":{"i":[[-0.946,-0.549],[0,0],[0.976,0.515],[0,0]],"o":[[0,0],[-0.952,-0.552],[0,0],[0.969,0.511]],"v":[[123.759,11.58],[124.035,11.104],[121.129,9.496],[120.872,9.983]],"c":true},"ix":2},"nm":"Trazado 66","mn":"ADBE Vector Shape - Group","hd":false},{"ind":66,"ty":"sh","ix":67,"ks":{"a":0,"k":{"i":[[0,0],[-0.993,0.47],[0,0],[0.979,-0.513]],"o":[[0.973,-0.51],[0,0],[-1,0.473],[0,0]],"v":[[44.59,9.881],[47.553,8.404],[47.318,7.906],[44.335,9.393]],"c":true},"ix":2},"nm":"Trazado 67","mn":"ADBE Vector Shape - Group","hd":false},{"ind":67,"ty":"sh","ix":68,"ks":{"a":0,"k":{"i":[[-0.987,-0.471],[0,0],[1.013,0.434],[0,0]],"o":[[0,0],[-0.993,-0.474],[0,0],[1.007,0.431]],"v":[[117.925,8.503],[118.162,8.006],[115.137,6.638],[114.921,7.144]],"c":true},"ix":2},"nm":"Trazado 68","mn":"ADBE Vector Shape - Group","hd":false},{"ind":68,"ty":"sh","ix":69,"ks":{"a":0,"k":{"i":[[0,0],[-1.028,0.388],[0,0],[1.019,-0.433]],"o":[[1.012,-0.43],[0,0],[-1.035,0.391],[0,0]],"v":[[50.575,7.047],[53.65,5.815],[53.455,5.299],[50.36,6.54]],"c":true},"ix":2},"nm":"Trazado 69","mn":"ADBE Vector Shape - Group","hd":false},{"ind":69,"ty":"sh","ix":70,"ks":{"a":0,"k":{"i":[[-1.024,-0.39],[0,0],[1.048,0.351],[0,0]],"o":[[0,0],[-1.031,-0.393],[0,0],[1.041,0.349]],"v":[[111.865,5.908],[112.061,5.394],[108.929,4.272],[108.754,4.794]],"c":true},"ix":2},"nm":"Trazado 70","mn":"ADBE Vector Shape - Group","hd":false},{"ind":70,"ty":"sh","ix":71,"ks":{"a":0,"k":{"i":[[0,0],[-1.054,0.303],[0,0],[1.048,-0.348]],"o":[[1.041,-0.345],[0,0],[-1.061,0.305],[0,0]],"v":[[56.774,4.707],[59.931,3.731],[59.779,3.202],[56.601,4.185]],"c":true},"ix":2},"nm":"Trazado 71","mn":"ADBE Vector Shape - Group","hd":false},{"ind":71,"ty":"sh","ix":72,"ks":{"a":0,"k":{"i":[[-1.052,-0.306],[0,0],[1.073,0.265],[0,0]],"o":[[0,0],[-1.059,-0.308],[0,0],[1.065,0.264]],"v":[[105.6,3.807],[105.753,3.278],[102.54,2.413],[102.408,2.948]],"c":true},"ix":2},"nm":"Trazado 72","mn":"ADBE Vector Shape - Group","hd":false},{"ind":72,"ty":"sh","ix":73,"ks":{"a":0,"k":{"i":[[0,0],[-1.077,0.217],[0,0],[1.071,-0.261]],"o":[[1.064,-0.259],[0,0],[-1.084,0.218],[0,0]],"v":[[63.126,2.883],[66.352,2.166],[66.243,1.626],[62.995,2.348]],"c":true},"ix":2},"nm":"Trazado 73","mn":"ADBE Vector Shape - Group","hd":false},{"ind":73,"ty":"sh","ix":74,"ks":{"a":0,"k":{"i":[[-1.073,-0.219],[0,0],[1.091,0.178],[0,0]],"o":[[0,0],[-1.08,-0.221],[0,0],[1.084,0.177]],"v":[[99.185,2.22],[99.295,1.681],[96.023,1.079],[95.934,1.623]],"c":true},"ix":2},"nm":"Trazado 74","mn":"ADBE Vector Shape - Group","hd":false},{"ind":74,"ty":"sh","ix":75,"ks":{"a":0,"k":{"i":[[0,0],[-1.089,0.129],[0,0],[1.09,-0.174]],"o":[[1.083,-0.173],[0,0],[-1.096,0.13],[0,0]],"v":[[69.604,1.579],[72.878,1.125],[72.813,0.578],[69.518,1.035]],"c":true},"ix":2},"nm":"Trazado 75","mn":"ADBE Vector Shape - Group","hd":false},{"ind":75,"ty":"sh","ix":76,"ks":{"a":0,"k":{"i":[[-1.088,-0.133],[0,0],[1.1,0.089],[0,0]],"o":[[0,0],[-1.096,-0.133],[0,0],[1.093,0.089]],"v":[[92.662,1.157],[92.729,0.61],[89.419,0.275],[89.374,0.823]],"c":true},"ix":2},"nm":"Trazado 76","mn":"ADBE Vector Shape - Group","hd":false},{"ind":76,"ty":"sh","ix":77,"ks":{"a":0,"k":{"i":[[0,0],[-1.097,0.042],[0,0],[1.099,-0.086]],"o":[[1.092,-0.085],[0,0],[-1.104,0.042],[0,0]],"v":[[76.167,0.802],[79.466,0.611],[79.445,0.06],[76.124,0.253]],"c":true},"ix":2},"nm":"Trazado 77","mn":"ADBE Vector Shape - Group","hd":false},{"ind":77,"ty":"sh","ix":78,"ks":{"a":0,"k":{"i":[[-1.094,-0.045],[0,0],[1.106,0.002],[0,0]],"o":[[0,0],[-1.102,-0.045],[0,0],[1.098,0.002]],"v":[[86.075,0.622],[86.098,0.071],[82.771,0],[82.771,0.551]],"c":true},"ix":2},"nm":"Trazado 78","mn":"ADBE Vector Shape - Group","hd":false},{"ty":"fl","c":{"a":0,"k":[0.615686297417,0.627451002598,0.713725507259,1],"ix":4},"o":{"a":0,"k":100,"ix":5},"r":1,"bm":0,"nm":"Relleno 1","mn":"ADBE Vector Graphic - Fill","hd":false},{"ty":"tr","p":{"a":0,"k":[0,0],"ix":2},"a":{"a":0,"k":[0,0],"ix":1},"s":{"a":0,"k":[100,100],"ix":3},"r":{"a":0,"k":0,"ix":6},"o":{"a":0,"k":100,"ix":7},"sk":{"a":0,"k":0,"ix":4},"sa":{"a":0,"k":0,"ix":5},"nm":"Transformar"}],"nm":"Trazado 1242","np":79,"cix":2,"bm":0,"ix":1,"mn":"ADBE Vector Group","hd":false}],"ip":0,"op":180,"st":0,"bm":0},{"ddd":0,"ind":2,"ty":0,"nm":"MAIN COMP_LOADING ICON_SHAPES ONLY_SVG_SIZE REDUCTION","refId":"comp_2","sr":1,"ks":{"o":{"a":0,"k":100,"ix":11},"r":{"a":0,"k":0,"ix":10},"p":{"a":0,"k":[129,133,0],"ix":2},"a":{"a":0,"k":[540,540,0],"ix":1},"s":{"a":0,"k":[28,28,100],"ix":6}},"ao":0,"w":1080,"h":1080,"ip":0,"op":286,"st":0,"bm":0}]},{"id":"comp_2","layers":[{"ddd":0,"ind":1,"ty":4,"nm":"Blue Goop_01","sr":1,"ks":{"o":{"a":0,"k":100,"ix":11},"r":{"a":0,"k":0,"ix":10},"p":{"a":0,"k":[540,540,0],"ix":2},"a":{"a":0,"k":[0,0,0],"ix":1},"s":{"a":0,"k":[100,100,100],"ix":6}},"ao":0,"shapes":[{"ty":"gr","it":[{"ind":0,"ty":"sh","ix":1,"ks":{"a":0,"k":{"i":[],"o":[],"v":[],"c":false},"ix":2},"nm":"Trazado 1","mn":"ADBE Vector Shape - Group","hd":false},{"ty":"tr","p":{"a":0,"k":[0,0],"ix":2},"a":{"a":0,"k":[0,0],"ix":1},"s":{"a":0,"k":[100,100],"ix":3},"r":{"a":0,"k":0,"ix":6},"o":{"a":0,"k":100,"ix":7},"sk":{"a":0,"k":0,"ix":4},"sa":{"a":0,"k":0,"ix":5},"nm":"Transformar"}],"nm":"Shape 1","np":1,"cix":2,"bm":0,"ix":1,"mn":"ADBE Vector Group","hd":false}],"ip":0,"op":17,"st":0,"bm":0},{"ddd":0,"ind":2,"ty":4,"nm":"BLUE BLOB CENTER_01","sr":1,"ks":{"o":{"a":0,"k":100,"ix":11},"r":{"a":0,"k":0,"ix":10},"p":{"a":0,"k":[636,540,0],"ix":2},"a":{"a":0,"k":[0,0,0],"ix":1},"s":{"a":0,"k":[188,188,100],"ix":6}},"ao":0,"shapes":[{"ty":"gr","it":[{"ind":0,"ty":"sh","ix":1,"ks":{"a":1,"k":[{"i":{"x":0.833,"y":1},"o":{"x":0.167,"y":0},"t":0,"s":[{"i":[[4.043,-1.155],[34,-46],[-28,-34],[-1.827,-2.025],[-2.9,-2.868],[-10.471,-7.787],[-49.614,-7.783],[-20.091,2.979],[-15.226,8.866],[-14.125,12.413],[84.296,64.843],[37.094,-5.997],[5.801,-1.409]],"o":[[-38.5,11],[-34,46],[1.614,1.96],[2.512,2.784],[7.85,7.763],[31.653,23.541],[29.117,4.567],[17.633,-2.615],[13.007,-7.574],[49.5,-43.5],[-49.466,-38.051],[-6.53,1.056],[-4.547,1.104]],"v":[[-63,-147],[-208,-64],[-210.5,61],[-205.337,66.981],[-197.214,75.471],[-169.652,99.013],[-45.5,152],[26.74,154.534],[74.965,137.416],[115,107.5],[103,-120],[-31.579,-154.198],[-50.102,-150.426]],"c":true}]},{"i":{"x":0.833,"y":1},"o":{"x":0.167,"y":0},"t":36.902,"s":[{"i":[[4.883,-2.1],[20,-34.333],[-16.902,-33.589],[-1.041,-2.049],[-1.637,-3.001],[-6.354,-8.701],[-47.973,-11.223],[-18.542,2.925],[-15.111,9.834],[-12.229,14.563],[70.342,70.851],[40.378,-9.181],[6.667,-2.311]],"o":[[-36.85,15.318],[-24.833,45.167],[0.947,1.927],[1.432,2.818],[4.431,8.121],[19.208,26.303],[20.399,4.744],[16.273,-2.567],[12.908,-8.401],[39.833,-47.333],[-40.478,-40.464],[-7.108,1.616],[-5.226,1.812]],"v":[[-58.833,-148.5],[-152.667,-66.167],[-157.833,57.333],[-154.854,63.303],[-150.258,72.045],[-134.233,97.554],[-37.667,161.5],[20.653,164.698],[67.666,146.414],[105.333,112.167],[104.333,-125],[-22.958,-160.352],[-43.654,-154.398]],"c":true}]},{"i":{"x":0.833,"y":1},"o":{"x":0.167,"y":0},"t":46.129,"s":[{"i":[[5.303,-2.573],[13,-28.5],[-12.5,-32.5],[-0.863,-2.107],[-1.412,-3.106],[-5.827,-9.092],[-45.723,-11.025],[-17.882,2.709],[-14.962,9.838],[-11.49,15.217],[67.513,73.777],[42.081,-10.571],[7.102,-2.74]],"o":[[-36.025,17.477],[-23.739,52.043],[0.757,1.968],[1.187,2.898],[3.82,8.408],[17.617,27.486],[17.278,4.166],[15.694,-2.378],[12.781,-8.404],[37,-49],[-36.909,-40.334],[-7.408,1.861],[-5.567,2.147]],"v":[[-58,-148],[-138.5,-67],[-146,56],[-143.572,62.119],[-139.68,71.141],[-125.341,97.699],[-34,164],[19.153,166.934],[65.418,149.116],[102,114],[105,-127],[-19.877,-162.059],[-41.678,-155.106]],"c":true}]},{"i":{"x":0.833,"y":1},"o":{"x":0.167,"y":0},"t":59.967,"s":[{"i":[[5.382,-2.764],[12.34,-28.792],[-10.816,-33.067],[-0.727,-2.122],[-1.179,-3.132],[-4.984,-9.178],[-44.361,-11.025],[-17.346,3.097],[-14.562,10.159],[-11.49,15.217],[65.405,67.611],[41.688,-11.115],[7.113,-2.908]],"o":[[-33.01,16.891],[-17.1,39.9],[0.649,1.981],[1,2.918],[3.191,8.477],[15.067,27.747],[17.247,4.289],[15.224,-2.718],[12.44,-8.679],[37,-49],[-38.05,-39.238],[-7.339,1.957],[-5.576,2.28]],"v":[[-56.5,-147.7],[-127.9,-68.4],[-134.8,57.2],[-132.74,63.361],[-129.48,72.452],[-117.392,99.249],[-33.1,166.1],[19.046,168.494],[63.897,149.588],[99.9,114],[105.9,-128.8],[-18.348,-162.631],[-40.052,-155.288]],"c":true}]},{"i":{"x":0.833,"y":1},"o":{"x":0.167,"y":0},"t":69.193,"s":[{"i":[[5.434,-2.892],[13,-28.5],[-9.694,-33.444],[-0.647,-2.133],[-1.055,-3.149],[-4.585,-9.236],[-43.453,-11.025],[-16.989,3.355],[-14.296,10.374],[-11.49,15.217],[64,67.5],[41.792,-11.836],[7.158,-3.057]],"o":[[-31,16.5],[-23.739,52.043],[0.576,1.989],[0.889,2.932],[2.856,8.523],[13.86,27.921],[17.227,4.371],[14.911,-2.945],[12.212,-8.861],[37,-49],[-37.617,-39.675],[-7.357,2.084],[-5.611,2.396]],"v":[[-55.5,-147.5],[-122.5,-68.5],[-129,58],[-127.169,64.188],[-124.261,73.326],[-113.287,100.283],[-32.5,167.5],[18.974,169.535],[62.884,149.902],[98.5,114],[106.5,-130],[-17.125,-163.213],[-38.921,-155.455]],"c":true}]},{"i":{"x":0.833,"y":1},"o":{"x":0.167,"y":0},"t":83.033,"s":[{"i":[[5.356,-3.035],[10.924,-29.358],[-9.694,-33.444],[-0.647,-2.133],[-1.055,-3.149],[-4.585,-9.236],[-43.453,-11.025],[-16.989,3.355],[-14.296,10.373],[-11.49,15.217],[64,67.5],[41.67,-12.059],[7.096,-3.169]],"o":[[-30,17],[-16,43],[0.576,1.989],[0.889,2.932],[2.856,8.523],[13.86,27.921],[17.227,4.371],[14.91,-2.945],[12.212,-8.862],[37,-49],[-37.617,-39.675],[-7.336,2.123],[-5.562,2.484]],"v":[[-55.5,-147.5],[-122.5,-68.5],[-129,58],[-127.169,64.188],[-124.261,73.326],[-113.287,100.283],[-32.5,167.5],[18.974,169.535],[62.884,149.902],[98.5,114],[106.5,-130],[-17.434,-163.777],[-39.11,-155.798]],"c":true}]},{"i":{"x":0.833,"y":1},"o":{"x":0.167,"y":0},"t":96.871,"s":[{"i":[[6.22,-3.44],[11.504,-29.104],[-10.737,-32.558],[-0.702,-2.057],[-1.15,-3.07],[-4.822,-9.138],[-39.936,-9.864],[-18.49,3.225],[-14.67,10.372],[-9.807,15.487],[60.7,67.697],[44.665,-11.155],[7.933,-3.341]],"o":[[-30.128,16.665],[-18.206,45.294],[0.617,1.897],[0.966,2.828],[3.112,8.31],[14.577,27.626],[17.254,4.262],[16.228,-2.83],[12.531,-8.86],[40.329,-63.685],[-34.179,-38.118],[-7.863,1.964],[-6.218,2.619]],"v":[[-56.228,-146.739],[-123.522,-66.379],[-128.949,59.636],[-126.972,65.574],[-123.806,74.439],[-112.038,100.956],[-33.923,166.71],[20.562,168.879],[67.495,149.49],[101.368,113.228],[107.912,-125.412],[-13.849,-163.801],[-37.562,-155.833]],"c":true}]},{"i":{"x":0.833,"y":1},"o":{"x":0.167,"y":0},"t":119.936,"s":[{"i":[[6.452,-3.153],[12.469,-28.68],[-12.475,-31.081],[-0.774,-1.877],[-1.257,-2.782],[-5.229,-8.244],[-43.453,-11.025],[-17.88,2.781],[-15.432,9.532],[-12.511,14.317],[58.359,65.142],[46.516,-8.392],[8.256,-2.9]],"o":[[-31.002,14.892],[-21.882,49.118],[0.685,1.745],[1.064,2.581],[3.403,7.53],[15.809,24.922],[17.227,4.371],[15.692,-2.441],[13.183,-8.143],[45.353,-54.441],[-32.545,-36.327],[-8.189,1.477],[-6.471,2.273]],"v":[[-57.441,-145.471],[-130.559,-68.176],[-135.529,61.029],[-133.344,66.467],[-129.87,74.525],[-117.071,98.463],[-32.294,160.059],[20.63,162.99],[67.496,145.401],[106.147,111.941],[110.265,-117.765],[-13.349,-160.173],[-38.043,-153.609]],"c":true}]},{"i":{"x":0.833,"y":1},"o":{"x":0.167,"y":0},"t":161.451,"s":[{"i":[[7.141,-2.783],[14.208,-27.918],[-15.604,-28.421],[-0.936,-1.562],[-1.544,-2.29],[-6.266,-6.712],[-43.453,-11.025],[-19.454,1.945],[-17.145,8.44],[-13.658,13.305],[59.646,55.251],[50.028,-4.646],[9.004,-2.313]],"o":[[-32.128,12.521],[-28.5,56],[0.807,1.47],[1.287,2.148],[4.18,6.197],[18.943,20.292],[17.227,4.371],[17.074,-1.707],[14.646,-7.21],[58,-56.5],[-36.148,-33.485],[-8.807,0.818],[-7.058,1.813]],"v":[[-66,-140],[-146,-71],[-145,65.5],[-142.387,70.052],[-138.143,76.719],[-122.548,96.273],[-31,148.5],[24.59,152.785],[76.304,138.001],[119,107.5],[114.5,-104],[-17.959,-151.555],[-44.693,-146.882]],"c":true}]},{"i":{"x":0.833,"y":1},"o":{"x":0.167,"y":0},"t":175.291,"s":[{"i":[[7.141,-2.783],[14.208,-27.918],[-15.604,-28.421],[-0.917,-1.55],[-1.488,-2.252],[-5.973,-6.517],[-43.453,-11.025],[-20.531,1.586],[-17.963,8.168],[-13.658,13.305],[59.646,55.251],[51.135,-4.785],[9.105,-2.325]],"o":[[-32.128,12.521],[-28.5,56],[0.807,1.47],[1.261,2.131],[4.028,6.096],[18.056,19.701],[17.227,4.371],[18.019,-1.392],[15.345,-6.977],[58,-56.5],[-36.148,-33.485],[-9.002,0.842],[-7.137,1.823]],"v":[[-68.5,-138],[-148,-70.5],[-145,65.5],[-142.415,70.033],[-138.296,76.616],[-123.399,95.705],[-34,146.5],[23.536,151.434],[78.117,137.605],[122,107.5],[116,-102.5],[-19.883,-149.627],[-47.07,-144.898]],"c":true}]},{"i":{"x":0.833,"y":1},"o":{"x":0.167,"y":0},"t":189.129,"s":[{"i":[[7.141,-2.783],[14.208,-27.918],[-15.604,-28.421],[-0.917,-1.55],[-1.488,-2.252],[-5.973,-6.517],[-43.453,-11.025],[-20.531,1.586],[-17.963,8.168],[-13.658,13.305],[59.646,55.251],[51.135,-4.785],[9.105,-2.325]],"o":[[-32.128,12.521],[-28.5,56],[0.807,1.47],[1.261,2.131],[4.028,6.096],[18.056,19.701],[17.227,4.371],[18.019,-1.392],[15.345,-6.977],[58,-56.5],[-36.148,-33.485],[-9.002,0.842],[-7.137,1.823]],"v":[[-68.5,-138],[-148,-70.5],[-145,65.5],[-142.415,70.033],[-138.296,76.616],[-123.399,95.705],[-34,146.5],[23.536,151.434],[78.117,137.605],[122,107.5],[116,-102.5],[-19.883,-149.627],[-47.07,-144.898]],"c":true}]},{"i":{"x":0.833,"y":1},"o":{"x":0.167,"y":0},"t":226.033,"s":[{"i":[[7.298,-3.098],[14.208,-27.918],[-15.604,-28.421],[-0.886,-1.565],[-1.395,-2.299],[-5.484,-6.761],[-43.453,-11.025],[-20.71,1.855],[-18.099,8.372],[-13.658,13.305],[59.646,55.251],[50.966,-5.553],[9.19,-2.597]],"o":[[-31.741,13.473],[-28.5,56],[0.807,1.47],[1.218,2.153],[3.774,6.222],[16.578,20.44],[17.227,4.371],[18.176,-1.628],[15.461,-7.152],[58,-56.5],[-36.148,-33.485],[-8.972,0.978],[-7.204,2.036]],"v":[[-68,-140.5],[-144,-69],[-145,65.5],[-142.463,70.057],[-138.552,76.744],[-124.818,96.414],[-39,149],[18.861,153.447],[73.919,138.902],[118,108.5],[115,-106],[-18.977,-153.517],[-46.238,-148.186]],"c":true}]},{"i":{"x":0.833,"y":1},"o":{"x":0.167,"y":0},"t":230.645,"s":[{"i":[[7.298,-3.098],[14.208,-27.918],[-15.604,-28.421],[-0.886,-1.565],[-1.395,-2.299],[-5.484,-6.761],[-43.453,-11.025],[-22.883,2.927],[-3.007,0.632],[-12.643,12.316],[59.646,55.251],[50.966,-5.553],[9.19,-2.597]],"o":[[-31.741,13.473],[-28.5,56],[0.807,1.47],[1.218,2.153],[3.774,6.222],[16.578,20.44],[18.916,4.8],[23.776,-3.041],[13.605,-2.858],[58,-56.5],[-36.148,-33.485],[-8.972,0.978],[-7.204,2.036]],"v":[[-68,-140.5],[-144,-69],[-145,65.5],[-142.463,70.057],[-138.552,76.744],[-124.818,96.414],[-39,149],[25.474,122.291],[73.257,138.618],[118,108.5],[115,-106],[-18.977,-153.517],[-46.238,-148.186]],"c":true}]},{"i":{"x":0.833,"y":1},"o":{"x":0.167,"y":0},"t":235.258,"s":[{"i":[[7.298,-3.098],[14.208,-27.918],[-18,-30.25],[-1.119,-0.162],[-1.68,0.226],[-8.658,-6.159],[-37.67,-0.753],[-22.757,3.787],[-14.007,-9.868],[-1.99,1.914],[59.646,55.251],[50.966,-5.553],[9.19,-2.597]],"o":[[-31.741,13.473],[-28.5,56],[1.148,0.738],[1.539,0.223],[4.546,-0.612],[16.995,12.089],[50,1],[19.776,-3.291],[10.088,7.108],[58.75,-56.5],[-36.148,-33.485],[-8.972,0.978],[-7.204,2.036]],"v":[[-68,-140.5],[-144,-69],[-139.75,74.25],[-136.371,75.529],[-131.6,75.339],[-112.919,79.988],[-34.5,121.25],[42.474,75.291],[82.757,98.368],[115.25,109.75],[115,-106],[-18.977,-153.517],[-46.238,-148.186]],"c":true}]},{"i":{"x":0.833,"y":1},"o":{"x":0.167,"y":0},"t":239.871,"s":[{"i":[[7.298,-3.098],[13.41,-28.31],[-18,-30.25],[-2.344,1.266],[-4.817,3.789],[-14.262,-2.092],[-32.023,-2.189],[-29.838,2.642],[-13.757,-11.118],[-1.501,2.318],[59.646,55.251],[50.827,-5.692],[9.178,-2.61]],"o":[[-31.741,13.473],[-22.5,47.5],[1.148,0.738],[3.222,-1.74],[13.038,-10.254],[34.169,5.012],[29.25,2],[31.526,-2.791],[9.598,7.757],[25.25,-39],[-36.148,-33.485],[-8.948,1.002],[-7.194,2.046]],"v":[[-68.5,-141.5],[-144,-69],[-144,65.25],[-138.688,64.265],[-126.437,55.468],[-81.669,33.238],[-12.5,81.25],[55.974,31.791],[112.257,62.618],[139.75,75.25],[114,-107.5],[-19.549,-154.589],[-46.753,-149.201]],"c":true}]},{"i":{"x":0.833,"y":1},"o":{"x":0.167,"y":0},"t":244.484,"s":[{"i":[[5.513,-3.308],[11.838,-29.002],[-1,-22.25],[-5.613,-4.285],[-11.719,-0.126],[-30.557,1.512],[-20,-0.5],[-37.555,4.07],[-13.757,-11.118],[-0.498,2.716],[31.012,34.162],[45.021,-11.511],[7.466,-3.339]],"o":[[-29.568,17.741],[-10,24.5],[3.053,0.947],[7.718,5.892],[24.926,0.268],[40.169,-1.988],[29.309,0.733],[16.526,-1.791],[9.598,7.757],[12.75,-69.5],[-48.705,-53.652],[-7.925,2.026],[-5.852,2.617]],"v":[[-72.5,-156.5],[-144,-69],[-157.25,13.5],[-144.158,22.694],[-114.759,35.218],[-54.919,-6.512],[18.5,23],[86.974,0.791],[128.757,19.118],[152.75,37.5],[113,-120],[-32.327,-173.514],[-55.44,-165.413]],"c":true}]},{"i":{"x":0.833,"y":1},"o":{"x":0.167,"y":0},"t":249.098,"s":[{"i":[[4.384,-2.914],[11.838,-29.002],[3.25,-20.5],[-8.336,-5.808],[-11.718,-0.157],[-39.081,1.012],[-20,-0.5],[-35.106,13.946],[-12.007,-9.368],[0.526,2.711],[31.012,34.162],[39.937,-13.111],[6.281,-3.233]],"o":[[-28.717,19.087],[-10,24.5],[11.789,1.684],[11.463,7.986],[21.009,0.282],[19.951,-0.517],[29.309,0.733],[7.026,-2.791],[9.729,7.591],[-10,-51.5],[-48.705,-53.652],[-7.03,2.308],[-4.923,2.534]],"v":[[-71.5,-164],[-140.25,-80.75],[-154.75,-28.25],[-125.317,-15.271],[-92.509,1.468],[-17.419,-45.012],[40.25,-6.75],[116.974,-40.959],[144.007,-32.132],[156.75,-21.5],[102,-135.5],[-37.519,-180.61],[-57.522,-172.213]],"c":true}]},{"i":{"x":0.833,"y":1},"o":{"x":0.167,"y":0},"t":253.709,"s":[{"i":[[4.18,-3.201],[11.838,-29.002],[2.75,-15.25],[-9.406,-5.16],[-18.365,0.708],[-25.831,1.012],[-26,1.25],[-9.974,15.959],[-12.007,-2.368],[1.088,2.538],[31.012,34.162],[39.133,-14.942],[6.077,-3.583]],"o":[[-27.75,21.25],[-10,24.5],[20.526,-27.473],[12.933,7.095],[51.009,-1.968],[19.943,-0.781],[13.505,-0.649],[4.007,-6.411],[6.159,1.215],[-9.75,-22.75],[-48.705,-53.652],[-6.889,2.63],[-4.763,2.808]],"v":[[-73.25,-168.5],[-137.25,-88],[-152,-42.75],[-110.048,-68.481],[-70.759,-38.782],[9.831,-77.512],[63.5,-36.5],[101.474,-61.459],[126.757,-81.632],[142,-73.75],[98.5,-145],[-40.33,-186.963],[-59.817,-177.556]],"c":true}]},{"i":{"x":0.833,"y":1},"o":{"x":0.167,"y":0},"t":258.322,"s":[{"i":[[4.121,-3.201],[11.121,-19.25],[2.162,-11.25],[-11.193,-0.597],[-22.445,1.579],[-21.378,1.012],[-21.954,-2.068],[-8.475,12.209],[-4.65,5.382],[1.242,2.46],[10.234,11.676],[38.606,-15.012],[5.996,-3.589]],"o":[[-27.357,21.25],[-13.211,22.867],[15.708,-20.624],[22.593,1.205],[35.071,-2.468],[19.654,-0.93],[7.962,0.75],[4.294,-6.186],[4.048,-4.686],[-5.428,-10.75],[-47.026,-53.652],[-6.796,2.643],[-4.7,2.813]],"v":[[-72.277,-175.25],[-123.371,-115],[-142.662,-72.75],[-105.49,-102.943],[-41.821,-68.282],[15.378,-103.512],[75.038,-72.25],[100.475,-91.459],[116.15,-108.132],[124.178,-113.25],[96.043,-152],[-39.797,-193.749],[-59.026,-184.313]],"c":true}]},{"i":{"x":0.833,"y":1},"o":{"x":0.167,"y":0},"t":267.549,"s":[{"i":[[3.628,-2.634],[7.008,-6.485],[6.25,-9.897],[-6.181,-7.634],[-27.148,0.167],[-18.702,1.432],[-17.821,-7.437],[-10.027,6.541],[-4.076,4.138],[1.089,1.891],[8.971,8.978],[32.967,-12.228],[5.187,-2.933]],"o":[[-8.744,6.348],[-7.661,7.09],[5,5.603],[9.165,11.319],[30.801,-0.19],[9.712,-0.743],[5.914,2.468],[4.616,-3.011],[3.549,-3.603],[-4.758,-8.266],[-41.223,-41.254],[-5.804,2.153],[-4.066,2.299]],"v":[[-62.55,-191.168],[-83.589,-173.34],[-99,-156.353],[-84.915,-138.069],[-39.852,-110.417],[15.288,-164.257],[48.586,-131.968],[81.134,-133.239],[96.624,-144.559],[102.161,-150.744],[81.749,-174.79],[-34.482,-206.292],[-50.996,-198.599]],"c":true}]},{"i":{"x":0.833,"y":1},"o":{"x":0.167,"y":0},"t":272.162,"s":[{"i":[[2.79,-1.454],[7.008,-6.485],[3,-4.147],[-4.674,-8.64],[-21.148,-1.083],[-29.467,4.911],[-17.821,-7.437],[-9.384,1.989],[-4.872,3.163],[1.089,1.891],[9.812,8.05],[21.167,-4.281],[10.095,-2.982]],"o":[[-9.583,4.993],[-7.661,7.09],[3,5.853],[6.665,12.319],[30.761,1.575],[16.462,-2.743],[5.914,2.468],[5.392,-1.143],[3.376,-2.191],[-4.758,-8.266],[-32.832,-26.939],[-2.477,0.501],[-7.129,2.106]],"v":[[-43.55,-207.168],[-70.339,-188.84],[-85.5,-174.603],[-75.915,-156.319],[-42.102,-131.167],[20.288,-191.507],[54.586,-155.718],[75.384,-153.489],[88.874,-158.559],[95.661,-163.244],[68.999,-189.54],[-15.417,-215.719],[-28.121,-206.606]],"c":true}]},{"i":{"x":0.833,"y":1},"o":{"x":0.167,"y":0},"t":276.773,"s":[{"i":[[2.525,-1.168],[2.274,-2.292],[2.716,-3.333],[-4.232,-6.943],[-19.135,1.081],[-26.592,4.491],[-8.772,-14.801],[-8.465,-1.755],[-6.12,0.872],[0.986,1.52],[8.896,6.452],[18.55,-1.69],[16.552,-4.014]],"o":[[-8.676,4.013],[-6.322,6.372],[2.716,4.704],[6.034,9.9],[20.21,-1.142],[12.725,-2.149],[2.423,4.089],[3.844,0.797],[3.492,-0.497],[-4.307,-6.643],[-22.375,-16.229],[-2.269,0.207],[-6.485,1.573]],"v":[[-52.021,-204.187],[-66.274,-194.958],[-76.5,-186.016],[-67.822,-171.322],[-37.21,-152.608],[22.025,-206.601],[53.577,-179.339],[67.906,-170.547],[80.37,-171.122],[87.264,-174.637],[63.375,-198.021],[-4.05,-220.56],[-31.552,-199.736]],"c":true}]},{"i":{"x":0.833,"y":1},"o":{"x":0.167,"y":0},"t":281.387,"s":[{"i":[[0,0],[0,0],[2.477,-2.71],[-3.859,-5.645],[-10.332,0.379],[-29.354,4.527],[-8,-12.034],[-2.447,-1.286],[-5.581,0.709],[0.899,1.236],[8.113,5.246],[16.917,-1.374],[15.095,-3.264]],"o":[[0,0],[0,0],[2.477,3.824],[5.503,8.049],[18.442,-0.676],[11.598,-1.789],[2.21,3.324],[3.155,1.659],[3.185,-0.404],[-3.928,-5.401],[-20.406,-13.195],[-2.069,0.168],[-5.914,1.279]],"v":[[-57.425,-204.064],[-62.424,-199.81],[-70,-194.29],[-59.586,-184.093],[-34.918,-170.629],[25.604,-217.527],[54.878,-193.112],[62.697,-185.964],[73.563,-183.181],[79.851,-185.039],[55.315,-205.551],[3.824,-223.876],[-33.008,-195.695]],"c":true}]},{"t":286,"s":[{"i":[[0,0],[0,0],[2.477,-2.71],[-5.773,-3.665],[-10.332,0.379],[-17.104,12.277],[-8,-12.034],[-2.447,-1.286],[-5.581,0.709],[0.899,1.236],[8.113,5.246],[16.917,-1.374],[15.387,-1.323]],"o":[[0,0],[0,0],[2.477,3.824],[4.086,2.593],[18.442,-0.676],[9.534,-6.843],[2.21,3.324],[3.155,1.659],[3.185,-0.404],[-3.928,-5.401],[-20.406,-13.195],[-2.069,0.168],[-10.992,0.945]],"v":[[-61.425,-204.314],[-63.674,-202.31],[-65.5,-200.54],[-53.336,-190.093],[-33.168,-183.379],[-1.146,-207.777],[54.878,-193.112],[62.697,-185.964],[73.563,-183.181],[79.851,-185.039],[43.065,-214.551],[7.324,-225.876],[-33.008,-193.195]],"c":true}]}],"ix":2},"nm":"Trazado 1","mn":"ADBE Vector Shape - Group","hd":false},{"ty":"st","c":{"a":0,"k":[0.977743983269,0.89981597662,1,1],"ix":3},"o":{"a":0,"k":100,"ix":4},"w":{"a":0,"k":0,"ix":5},"lc":1,"lj":1,"ml":4,"bm":0,"nm":"Stroke 1","mn":"ADBE Vector Graphic - Stroke","hd":false},{"ty":"fl","c":{"a":0,"k":[0.866666674614,0.913725495338,0.988235294819,1],"ix":4},"o":{"a":0,"k":100,"ix":5},"r":1,"bm":0,"nm":"Fill 1","mn":"ADBE Vector Graphic - Fill","hd":false},{"ty":"tr","p":{"a":0,"k":[0,0],"ix":2},"a":{"a":0,"k":[0,0],"ix":1},"s":{"a":0,"k":[100,100],"ix":3},"r":{"a":0,"k":0,"ix":6},"o":{"a":0,"k":100,"ix":7},"sk":{"a":0,"k":0,"ix":4},"sa":{"a":0,"k":0,"ix":5},"nm":"Transformar"}],"nm":"Shape 1","np":3,"cix":2,"bm":0,"ix":1,"mn":"ADBE Vector Group","hd":false}],"ip":0,"op":285,"st":0,"bm":0}]}],"fonts":{"list":[{"fName":"CircularStd-Medium","fFamily":"Circular Std","fStyle":"Medium","ascent":72.39990234375}]},"layers":[{"ddd":0,"ind":1,"ty":4,"nm":"Grupo 1582","sr":1,"ks":{"o":{"a":0,"k":100,"ix":11},"r":{"a":0,"k":0,"ix":10},"p":{"a":0,"k":[94.407,200.21,0],"ix":2},"a":{"a":0,"k":[0,0,0],"ix":1},"s":{"a":0,"k":[100,100,100],"ix":6}},"ao":0,"shapes":[{"ty":"rc","d":1,"s":{"a":0,"k":[59.839,87.456],"ix":2},"p":{"a":0,"k":[0,0],"ix":3},"r":{"a":0,"k":0,"ix":4},"nm":"Trazado de rectángulo 1","mn":"ADBE Vector Shape - Rect","hd":false}],"ip":0,"op":180,"st":0,"bm":0},{"ddd":0,"ind":2,"ty":5,"nm":"$","parent":1,"sr":1,"ks":{"o":{"a":0,"k":100,"ix":11},"r":{"a":0,"k":0,"ix":10},"p":{"a":0,"k":[-9.152,-3.2,0],"ix":2},"a":{"a":0,"k":[0,0,0],"ix":1},"s":{"a":0,"k":[100,100,100],"ix":6}},"ao":0,"t":{"d":{"k":[{"s":{"s":32,"f":"CircularStd-Medium","t":"$","j":0,"tr":0,"lh":38.4,"ls":0,"fc":[1,1,1]},"t":0}]},"p":{},"m":{"g":1,"a":{"a":0,"k":[0,0],"ix":2}},"a":[{"nm":"Animators","s":{"t":0,"xe":{"k":0},"ne":{"k":0},"a":{"k":100},"b":1,"sh":0,"s":{"k":0},"e":{"k":100},"o":{"k":0}},"a":{"fo":{"a":0,"k":100,"ix":10},"so":{"a":0,"k":0,"ix":11}}}]},"ip":0,"op":180,"st":0,"bm":0},{"ddd":0,"ind":3,"ty":4,"nm":"Trazado 2053","parent":1,"sr":1,"ks":{"o":{"a":0,"k":100,"ix":11},"r":{"a":0,"k":0,"ix":10},"p":{"a":0,"k":[0,18.458,0],"ix":2},"a":{"a":0,"k":[29.919,4.481,0],"ix":1},"s":{"a":0,"k":[100,100,100],"ix":6}},"ao":0,"shapes":[{"ty":"gr","it":[{"ind":0,"ty":"sh","ix":1,"ks":{"a":0,"k":{"i":[[0,0],[19.837,2.958],[0,0],[-19.858,2.659]],"o":[[-19.837,2.958],[0,0],[19.858,2.659],[0,0]],"v":[[59.839,6.742],[0,6.742],[0,0],[59.839,0]],"c":true},"ix":2},"nm":"Trazado 1","mn":"ADBE Vector Shape - Group","hd":false},{"ty":"fl","c":{"a":0,"k":[0.18431372549,0.180392156863,0.254901960784,1],"ix":4},"o":{"a":0,"k":100,"ix":5},"r":1,"bm":0,"nm":"Relleno 1","mn":"ADBE Vector Graphic - Fill","hd":false},{"ty":"tr","p":{"a":0,"k":[0,0],"ix":2},"a":{"a":0,"k":[0,0],"ix":1},"s":{"a":0,"k":[100,100],"ix":3},"r":{"a":0,"k":0,"ix":6},"o":{"a":0,"k":100,"ix":7},"sk":{"a":0,"k":0,"ix":4},"sa":{"a":0,"k":0,"ix":5},"nm":"Transformar"}],"nm":"Trazado 2053","np":3,"cix":2,"bm":0,"ix":1,"mn":"ADBE Vector Group","hd":false}],"ip":0,"op":180,"st":0,"bm":0},{"ddd":0,"ind":4,"ty":4,"nm":"Trazado 2052","parent":1,"sr":1,"ks":{"o":{"a":0,"k":100,"ix":11},"r":{"a":0,"k":0,"ix":10},"p":{"a":0,"k":[0,28.853,0],"ix":2},"a":{"a":0,"k":[29.919,4.481,0],"ix":1},"s":{"a":0,"k":[100,100,100],"ix":6}},"ao":0,"shapes":[{"ty":"gr","it":[{"ind":0,"ty":"sh","ix":1,"ks":{"a":0,"k":{"i":[[0,0],[19.837,2.958],[0,0],[-19.858,2.659]],"o":[[-19.837,2.958],[0,0],[19.858,2.659],[0,0]],"v":[[59.839,6.742],[0,6.742],[0,0],[59.839,0]],"c":true},"ix":2},"nm":"Trazado 1","mn":"ADBE Vector Shape - Group","hd":false},{"ty":"fl","c":{"a":0,"k":[0.18431372549,0.180392156863,0.254901960784,1],"ix":4},"o":{"a":0,"k":100,"ix":5},"r":1,"bm":0,"nm":"Relleno 1","mn":"ADBE Vector Graphic - Fill","hd":false},{"ty":"tr","p":{"a":0,"k":[0,0],"ix":2},"a":{"a":0,"k":[0,0],"ix":1},"s":{"a":0,"k":[100,100],"ix":3},"r":{"a":0,"k":0,"ix":6},"o":{"a":0,"k":100,"ix":7},"sk":{"a":0,"k":0,"ix":4},"sa":{"a":0,"k":0,"ix":5},"nm":"Transformar"}],"nm":"Trazado 2052","np":3,"cix":2,"bm":0,"ix":1,"mn":"ADBE Vector Group","hd":false}],"ip":0,"op":180,"st":0,"bm":0},{"ddd":0,"ind":5,"ty":4,"nm":"Trazado 2051","parent":1,"sr":1,"ks":{"o":{"a":0,"k":100,"ix":11},"r":{"a":0,"k":0,"ix":10},"p":{"a":0,"k":[0,39.247,0],"ix":2},"a":{"a":0,"k":[29.919,4.481,0],"ix":1},"s":{"a":0,"k":[100,100,100],"ix":6}},"ao":0,"shapes":[{"ty":"gr","it":[{"ind":0,"ty":"sh","ix":1,"ks":{"a":0,"k":{"i":[[0,0],[19.837,2.958],[0,0],[-19.858,2.659]],"o":[[-19.837,2.958],[0,0],[19.858,2.659],[0,0]],"v":[[59.839,6.742],[0,6.742],[0,0],[59.839,0]],"c":true},"ix":2},"nm":"Trazado 1","mn":"ADBE Vector Shape - Group","hd":false},{"ty":"fl","c":{"a":0,"k":[0.18431372549,0.180392156863,0.254901960784,1],"ix":4},"o":{"a":0,"k":100,"ix":5},"r":1,"bm":0,"nm":"Relleno 1","mn":"ADBE Vector Graphic - Fill","hd":false},{"ty":"tr","p":{"a":0,"k":[0,0],"ix":2},"a":{"a":0,"k":[0,0],"ix":1},"s":{"a":0,"k":[100,100],"ix":3},"r":{"a":0,"k":0,"ix":6},"o":{"a":0,"k":100,"ix":7},"sk":{"a":0,"k":0,"ix":4},"sa":{"a":0,"k":0,"ix":5},"nm":"Transformar"}],"nm":"Trazado 2051","np":3,"cix":2,"bm":0,"ix":1,"mn":"ADBE Vector Group","hd":false}],"ip":0,"op":180,"st":0,"bm":0},{"ddd":0,"ind":6,"ty":4,"nm":"Elipse 209","parent":1,"sr":1,"ks":{"o":{"a":0,"k":100,"ix":11},"r":{"a":0,"k":0,"ix":10},"p":{"a":0,"k":[0.242,-15.635,0],"ix":2},"a":{"a":0,"k":[0,0,0],"ix":1},"s":{"a":0,"k":[100,100,100],"ix":6}},"ao":0,"shapes":[{"ty":"gr","it":[{"d":1,"ty":"el","s":{"a":0,"k":[56.187,56.187],"ix":2},"p":{"a":0,"k":[0,0],"ix":3},"nm":"Trazado elíptico 1","mn":"ADBE Vector Shape - Ellipse","hd":false},{"ty":"fl","c":{"a":0,"k":[0.18431372549,0.180392156863,0.254901960784,1],"ix":4},"o":{"a":0,"k":100,"ix":5},"r":1,"bm":0,"nm":"Relleno 1","mn":"ADBE Vector Graphic - Fill","hd":false},{"ty":"tr","p":{"a":0,"k":[0,0],"ix":2},"a":{"a":0,"k":[0,0],"ix":1},"s":{"a":0,"k":[100,100],"ix":3},"r":{"a":0,"k":0,"ix":6},"o":{"a":0,"k":100,"ix":7},"sk":{"a":0,"k":0,"ix":4},"sa":{"a":0,"k":0,"ix":5},"nm":"Transformar"}],"nm":"Elipse 209","np":3,"cix":2,"bm":0,"ix":1,"mn":"ADBE Vector Group","hd":false}],"ip":0,"op":180,"st":0,"bm":0},{"ddd":0,"ind":7,"ty":4,"nm":"Grupo 1584","sr":1,"ks":{"o":{"a":0,"k":100,"ix":11},"r":{"a":0,"k":0,"ix":10},"p":{"a":0,"k":[157.316,166.796,0],"ix":2},"a":{"a":0,"k":[0,0,0],"ix":1},"s":{"a":0,"k":[100,100,100],"ix":6}},"ao":0,"shapes":[{"ty":"rc","d":1,"s":{"a":0,"k":[238.632,179.794],"ix":2},"p":{"a":0,"k":[0,0],"ix":3},"r":{"a":0,"k":0,"ix":4},"nm":"Trazado de rectángulo 1","mn":"ADBE Vector Shape - Rect","hd":false}],"ip":0,"op":180,"st":0,"bm":0},{"ddd":0,"ind":8,"ty":4,"nm":"Rectángulo 675","parent":7,"sr":1,"ks":{"o":{"a":0,"k":100,"ix":11},"r":{"a":0,"k":0,"ix":10},"p":{"a":0,"k":[0,77.621,0],"ix":2},"a":{"a":0,"k":[0,0,0],"ix":1},"s":{"a":0,"k":[100,100,100],"ix":6}},"ao":0,"shapes":[{"ty":"gr","it":[{"ty":"rc","d":1,"s":{"a":0,"k":[238.632,0.551],"ix":2},"p":{"a":0,"k":[0,0],"ix":3},"r":{"a":0,"k":0,"ix":4},"nm":"Trazado de rectángulo 1","mn":"ADBE Vector Shape - Rect","hd":false},{"ty":"fl","c":{"a":0,"k":[0.61568627451,0.627450980392,0.713725490196,1],"ix":4},"o":{"a":0,"k":100,"ix":5},"r":1,"bm":0,"nm":"Relleno 1","mn":"ADBE Vector Graphic - Fill","hd":false},{"ty":"tr","p":{"a":0,"k":[0,0],"ix":2},"a":{"a":0,"k":[0,0],"ix":1},"s":{"a":0,"k":[100,100],"ix":3},"r":{"a":0,"k":0,"ix":6},"o":{"a":0,"k":100,"ix":7},"sk":{"a":0,"k":0,"ix":4},"sa":{"a":0,"k":0,"ix":5},"nm":"Transformar"}],"nm":"Rectángulo 675","np":3,"cix":2,"bm":0,"ix":1,"mn":"ADBE Vector Group","hd":false}],"ip":0,"op":180,"st":0,"bm":0},{"ddd":0,"ind":9,"ty":4,"nm":"Trazado 2020","parent":7,"sr":1,"ks":{"o":{"a":0,"k":100,"ix":11},"r":{"a":0,"k":0,"ix":10},"p":{"a":0,"k":[38.937,-80.956,0],"ix":2},"a":{"a":0,"k":[11.334,8.94,0],"ix":1},"s":{"a":0,"k":[100,100,100],"ix":6}},"ao":0,"shapes":[{"ty":"gr","it":[{"ind":0,"ty":"sh","ix":1,"ks":{"a":0,"k":{"i":[[4.738,-3.357],[0.3,-0.067],[0.058,0.313],[0.451,-0.235],[0.065,0.504],[0.255,-0.294],[0.244,0.3],[-0.062,-1.096],[-0.828,-0.72],[-1.588,0.199],[-0.233,-0.076],[-0.008,-0.646],[-2.325,-0.289],[-0.515,0.377],[-0.517,0.287],[-0.614,-0.739],[-0.952,-0.135],[-0.47,1.181],[1.48,3.273]],"o":[[-0.233,0.201],[-0.314,0.056],[-0.221,0.458],[-0.451,0.235],[-0.066,0.383],[-0.28,0.267],[0.197,1.079],[0.062,1.096],[1.207,1.051],[0.24,-0.05],[0.594,0.253],[0.1,2.341],[0.63,0.097],[0.451,-0.382],[0.84,-0.467],[0.614,0.739],[1.259,0.179],[1.311,-3.345],[-2.628,-5.729]],"v":[[5.139,1.95],[4.327,2.357],[3.656,1.892],[2.735,3.074],[1.521,2.607],[1.032,3.641],[0,3.676],[0.138,6.961],[1.32,9.938],[5.93,10.53],[6.652,10.57],[7.228,12.297],[11.43,16.854],[13.218,16.418],[14.415,15.126],[16.889,16.079],[19.061,17.864],[21.749,15.579],[21.484,5.228]],"c":true},"ix":2},"nm":"Trazado 1","mn":"ADBE Vector Shape - Group","hd":false},{"ty":"fl","c":{"a":0,"k":[0.18431372549,0.180392156863,0.254901960784,1],"ix":4},"o":{"a":0,"k":100,"ix":5},"r":1,"bm":0,"nm":"Relleno 1","mn":"ADBE Vector Graphic - Fill","hd":false},{"ty":"tr","p":{"a":0,"k":[0,0],"ix":2},"a":{"a":0,"k":[0,0],"ix":1},"s":{"a":0,"k":[100,100],"ix":3},"r":{"a":0,"k":0,"ix":6},"o":{"a":0,"k":100,"ix":7},"sk":{"a":0,"k":0,"ix":4},"sa":{"a":0,"k":0,"ix":5},"nm":"Transformar"}],"nm":"Trazado 2020","np":3,"cix":2,"bm":0,"ix":1,"mn":"ADBE Vector Group","hd":false}],"ip":0,"op":180,"st":0,"bm":0},{"ddd":0,"ind":10,"ty":4,"nm":"Elipse 204","parent":7,"sr":1,"ks":{"o":{"a":0,"k":100,"ix":11},"r":{"a":0,"k":0,"ix":10},"p":{"a":0,"k":[39.243,-74.108,0],"ix":2},"a":{"a":0,"k":[0,0,0],"ix":1},"s":{"a":0,"k":[100,100,100],"ix":6}},"ao":0,"shapes":[{"ty":"gr","it":[{"d":1,"ty":"el","s":{"a":0,"k":[19.31,19.31],"ix":2},"p":{"a":0,"k":[0,0],"ix":3},"nm":"Trazado elíptico 1","mn":"ADBE Vector Shape - Ellipse","hd":false},{"ty":"fl","c":{"a":0,"k":[1,0.725490196078,0.725490196078,1],"ix":4},"o":{"a":0,"k":100,"ix":5},"r":1,"bm":0,"nm":"Relleno 1","mn":"ADBE Vector Graphic - Fill","hd":false},{"ty":"tr","p":{"a":0,"k":[0,0],"ix":2},"a":{"a":0,"k":[0,0],"ix":1},"s":{"a":0,"k":[100,100],"ix":3},"r":{"a":0,"k":0,"ix":6},"o":{"a":0,"k":100,"ix":7},"sk":{"a":0,"k":0,"ix":4},"sa":{"a":0,"k":0,"ix":5},"nm":"Transformar"}],"nm":"Elipse 204","np":3,"cix":2,"bm":0,"ix":1,"mn":"ADBE Vector Group","hd":false}],"ip":0,"op":180,"st":0,"bm":0},{"ddd":0,"ind":11,"ty":4,"nm":"Trazado 2019","parent":7,"sr":1,"ks":{"o":{"a":0,"k":100,"ix":11},"r":{"a":0,"k":0,"ix":10},"p":{"a":0,"k":[51.451,-32.986,0],"ix":2},"a":{"a":0,"k":[13.084,23.414,0],"ix":1},"s":{"a":0,"k":[100,100,100],"ix":6}},"ao":0,"shapes":[{"ty":"gr","it":[{"ind":0,"ty":"sh","ix":1,"ks":{"a":0,"k":{"i":[[-8.196,3.831],[0.401,-12.313],[2.985,-2.312],[2.193,-0.085],[1.299,-0.49],[0,0],[-3.457,1.452],[0.068,1.754],[0,0]],"o":[[0,0],[-0.401,12.313],[-2.985,2.312],[-2.193,0.085],[-1.299,0.49],[0,0],[3.457,-1.452],[-0.068,-1.754],[0,0]],"v":[[19.132,0.03],[26.152,11.176],[23.949,33.661],[9.077,46.535],[2.06,46.807],[0,38.981],[4.232,34.864],[15.767,26.512],[13.706,18.686]],"c":true},"ix":2},"nm":"Trazado 1","mn":"ADBE Vector Shape - Group","hd":false},{"ty":"fl","c":{"a":0,"k":[0.788235294118,0.866666666667,0.98431372549,1],"ix":4},"o":{"a":0,"k":100,"ix":5},"r":1,"bm":0,"nm":"Relleno 1","mn":"ADBE Vector Graphic - Fill","hd":false},{"ty":"tr","p":{"a":0,"k":[0,0],"ix":2},"a":{"a":0,"k":[0,0],"ix":1},"s":{"a":0,"k":[100,100],"ix":3},"r":{"a":0,"k":0,"ix":6},"o":{"a":0,"k":100,"ix":7},"sk":{"a":0,"k":0,"ix":4},"sa":{"a":0,"k":0,"ix":5},"nm":"Transformar"}],"nm":"Trazado 2019","np":3,"cix":2,"bm":0,"ix":1,"mn":"ADBE Vector Group","hd":false}],"ip":0,"op":180,"st":0,"bm":0},{"ddd":0,"ind":12,"ty":4,"nm":"Trazado 2018","parent":7,"sr":1,"ks":{"o":{"a":0,"k":10,"ix":11},"r":{"a":0,"k":0,"ix":10},"p":{"a":0,"k":[46.427,-15.828,0],"ix":2},"a":{"a":0,"k":[7.958,8.888,0],"ix":1},"s":{"a":0,"k":[100,100,100],"ix":6}},"ao":0,"shapes":[{"ty":"gr","it":[{"ind":0,"ty":"sh","ix":1,"ks":{"a":0,"k":{"i":[[-2.635,2.166],[-0.536,-3.414],[1.061,-0.041],[1.299,-0.49],[0,0],[-3.457,1.452]],"o":[[0.21,4.059],[-2.961,2.803],[-2.193,0.085],[-1.299,0.49],[0,0],[2.333,-0.982]],"v":[[13.674,0],[15.915,12.167],[9.077,17.483],[2.06,17.755],[0,9.929],[4.232,5.812]],"c":true},"ix":2},"nm":"Trazado 1","mn":"ADBE Vector Shape - Group","hd":false},{"ty":"fl","c":{"a":0,"k":[0,0,0,1],"ix":4},"o":{"a":0,"k":100,"ix":5},"r":1,"bm":0,"nm":"Relleno 1","mn":"ADBE Vector Graphic - Fill","hd":false},{"ty":"tr","p":{"a":0,"k":[0,0],"ix":2},"a":{"a":0,"k":[0,0],"ix":1},"s":{"a":0,"k":[100,100],"ix":3},"r":{"a":0,"k":0,"ix":6},"o":{"a":0,"k":100,"ix":7},"sk":{"a":0,"k":0,"ix":4},"sa":{"a":0,"k":0,"ix":5},"nm":"Transformar"}],"nm":"Trazado 2018","np":3,"cix":2,"bm":0,"ix":1,"mn":"ADBE Vector Group","hd":false}],"ip":0,"op":180,"st":0,"bm":0},{"ddd":0,"ind":13,"ty":4,"nm":"Trazado 2017","parent":7,"sr":1,"ks":{"o":{"a":0,"k":100,"ix":11},"r":{"a":0,"k":0,"ix":10},"p":{"a":0,"k":[38.614,-12.903,0],"ix":2},"a":{"a":0,"k":[5.336,2.773,0],"ix":1},"s":{"a":0,"k":[100,100,100],"ix":6}},"ao":0,"shapes":[{"ty":"gr","it":[{"ind":0,"ty":"sh","ix":1,"ks":{"a":0,"k":{"i":[[0,0],[-2.122,-2.797],[0,0]],"o":[[0,0],[2.122,2.797],[0,0]],"v":[[7.489,0],[0.315,4.34],[10.671,4.196]],"c":true},"ix":2},"nm":"Trazado 1","mn":"ADBE Vector Shape - Group","hd":false},{"ty":"fl","c":{"a":0,"k":[1,0.725490196078,0.725490196078,1],"ix":4},"o":{"a":0,"k":100,"ix":5},"r":1,"bm":0,"nm":"Relleno 1","mn":"ADBE Vector Graphic - Fill","hd":false},{"ty":"tr","p":{"a":0,"k":[0,0],"ix":2},"a":{"a":0,"k":[0,0],"ix":1},"s":{"a":0,"k":[100,100],"ix":3},"r":{"a":0,"k":0,"ix":6},"o":{"a":0,"k":100,"ix":7},"sk":{"a":0,"k":0,"ix":4},"sa":{"a":0,"k":0,"ix":5},"nm":"Transformar"}],"nm":"Trazado 2017","np":3,"cix":2,"bm":0,"ix":1,"mn":"ADBE Vector Group","hd":false}],"ip":0,"op":180,"st":0,"bm":0},{"ddd":0,"ind":14,"ty":4,"nm":"Trazado 2016","parent":7,"sr":1,"ks":{"o":{"a":0,"k":100,"ix":11},"r":{"a":0,"k":0,"ix":10},"p":{"a":0,"k":[20.982,-37.9,0],"ix":2},"a":{"a":0,"k":[9.134,5.963,0],"ix":1},"s":{"a":0,"k":[100,100,100],"ix":6}},"ao":0,"shapes":[{"ty":"gr","it":[{"ind":0,"ty":"sh","ix":1,"ks":{"a":0,"k":{"i":[[2.227,0.792],[0,0],[0,0],[0,0],[0,0]],"o":[[0,0],[0,0],[0,0],[0,0],[0,0]],"v":[[17.589,0],[10.64,2.026],[0.993,2.4],[0,10.784],[15.855,11.926]],"c":true},"ix":2},"nm":"Trazado 1","mn":"ADBE Vector Shape - Group","hd":false},{"ty":"fl","c":{"a":0,"k":[0.788235294118,0.866666666667,0.98431372549,1],"ix":4},"o":{"a":0,"k":100,"ix":5},"r":1,"bm":0,"nm":"Relleno 1","mn":"ADBE Vector Graphic - Fill","hd":false},{"ty":"tr","p":{"a":0,"k":[0,0],"ix":2},"a":{"a":0,"k":[0,0],"ix":1},"s":{"a":0,"k":[100,100],"ix":3},"r":{"a":0,"k":0,"ix":6},"o":{"a":0,"k":100,"ix":7},"sk":{"a":0,"k":0,"ix":4},"sa":{"a":0,"k":0,"ix":5},"nm":"Transformar"}],"nm":"Trazado 2016","np":3,"cix":2,"bm":0,"ix":1,"mn":"ADBE Vector Group","hd":false}],"ip":0,"op":180,"st":0,"bm":0},{"ddd":0,"ind":15,"ty":4,"nm":"Trazado 2015","parent":7,"sr":1,"ks":{"o":{"a":0,"k":10,"ix":11},"r":{"a":0,"k":0,"ix":10},"p":{"a":0,"k":[57.168,-42.253,0],"ix":2},"a":{"a":0,"k":[5.443,11.511,0],"ix":1},"s":{"a":0,"k":[100,100,100],"ix":6}},"ao":0,"shapes":[{"ty":"gr","it":[{"ind":0,"ty":"sh","ix":1,"ks":{"a":0,"k":{"i":[[1.157,-2.109],[2.267,-4.73],[0,0],[-8.196,3.831],[-1.093,-0.816]],"o":[[-1.768,3.222],[-0.592,-2.133],[0,0],[1.358,-0.131],[1.168,3.947]],"v":[[10.248,10.836],[1.765,23.023],[0.451,18.682],[5.876,0.025],[9.686,1.09]],"c":true},"ix":2},"nm":"Trazado 1","mn":"ADBE Vector Shape - Group","hd":false},{"ty":"fl","c":{"a":0,"k":[0,0,0,1],"ix":4},"o":{"a":0,"k":100,"ix":5},"r":1,"bm":0,"nm":"Relleno 1","mn":"ADBE Vector Graphic - Fill","hd":false},{"ty":"tr","p":{"a":0,"k":[0,0],"ix":2},"a":{"a":0,"k":[0,0],"ix":1},"s":{"a":0,"k":[100,100],"ix":3},"r":{"a":0,"k":0,"ix":6},"o":{"a":0,"k":100,"ix":7},"sk":{"a":0,"k":0,"ix":4},"sa":{"a":0,"k":0,"ix":5},"nm":"Transformar"}],"nm":"Trazado 2015","np":3,"cix":2,"bm":0,"ix":1,"mn":"ADBE Vector Group","hd":false}],"ip":0,"op":180,"st":0,"bm":0},{"ddd":0,"ind":16,"ty":4,"nm":"Trazado 2014","parent":7,"sr":1,"ks":{"o":{"a":0,"k":100,"ix":11},"r":{"a":0,"k":0,"ix":10},"p":{"a":0,"k":[38.76,-36.958,0],"ix":2},"a":{"a":0,"k":[22.852,35.396,0],"ix":1},"s":{"a":0,"k":[100,100,100],"ix":6}},"ao":0,"shapes":[{"ty":"gr","it":[{"ind":0,"ty":"sh","ix":1,"ks":{"a":0,"k":{"i":[[2.267,-4.73],[-0.077,-1.978],[-0.008,-0.088],[-0.536,-3.414],[1.433,-0.42],[13.441,-4.474],[0.034,0.877],[0.456,0.422],[1.788,0.809],[0,0],[0.085,2.193],[0,0],[0,0],[-2.176,0.524],[0,0],[0,0],[0,0],[0,0],[-2.934,3.627],[0,0],[1.102,1.473],[-2.431,-6.054],[-1.31,-4.455],[1.157,-2.109]],"o":[[-0.886,1.853],[0.003,0.088],[0.21,4.059],[0.389,2.449],[-3.474,1.013],[-13.442,4.474],[-0.034,-0.877],[-0.456,-0.422],[-1.788,-0.809],[0,0],[-0.085,-2.193],[0,0],[0,0],[2.176,-0.524],[0,0],[0,0],[0,0],[0,0],[2.934,-3.627],[0,0],[-1.103,-1.477],[1.288,3.209],[1.168,3.947],[-1.768,3.222]],"v":[[36.582,39.613],[35.22,45.375],[35.234,45.638],[37.476,57.805],[36.322,62.461],[23.387,68.672],[7.565,68.407],[9.013,60.446],[0.851,65.154],[0.647,59.892],[4.59,48.32],[10.692,35.786],[14.9,8.393],[18.694,4.293],[22.675,5.017],[19.034,13.063],[15.193,27.267],[15.836,32.512],[23.236,19.488],[32.425,7.274],[32.783,0.874],[39.812,5.231],[44.502,17.68],[45.065,27.426]],"c":true},"ix":2},"nm":"Trazado 1","mn":"ADBE Vector Shape - Group","hd":false},{"ty":"fl","c":{"a":0,"k":[0.788235294118,0.866666666667,0.98431372549,1],"ix":4},"o":{"a":0,"k":100,"ix":5},"r":1,"bm":0,"nm":"Relleno 1","mn":"ADBE Vector Graphic - Fill","hd":false},{"ty":"tr","p":{"a":0,"k":[0,0],"ix":2},"a":{"a":0,"k":[0,0],"ix":1},"s":{"a":0,"k":[100,100],"ix":3},"r":{"a":0,"k":0,"ix":6},"o":{"a":0,"k":100,"ix":7},"sk":{"a":0,"k":0,"ix":4},"sa":{"a":0,"k":0,"ix":5},"nm":"Transformar"}],"nm":"Trazado 2014","np":3,"cix":2,"bm":0,"ix":1,"mn":"ADBE Vector Group","hd":false}],"ip":0,"op":180,"st":0,"bm":0},{"ddd":0,"ind":17,"ty":4,"nm":"Trazado 2013","parent":7,"sr":1,"ks":{"o":{"a":0,"k":100,"ix":11},"r":{"a":0,"k":0,"ix":10},"p":{"a":0,"k":[41.868,-43.35,0],"ix":2},"a":{"a":0,"k":[13.808,24.365,0],"ix":1},"s":{"a":0,"k":[100,100,100],"ix":6}},"ao":0,"shapes":[{"ty":"gr","it":[{"ind":0,"ty":"sh","ix":1,"ks":{"a":0,"k":{"i":[[0,0],[-1.754,0.068],[-0.388,1.333],[0,0],[0,0],[0,0],[0,0],[0,0]],"o":[[0,0],[1.754,-0.068],[0.387,-1.333],[0,0],[0,0],[0,0],[0,0],[0,0]],"v":[[9.752,2.007],[13.397,5.379],[24.612,0.113],[27.617,9.659],[5.415,48.73],[0,44.987],[2.624,22.047],[4.779,9.666]],"c":true},"ix":2},"nm":"Trazado 1","mn":"ADBE Vector Shape - Group","hd":false},{"ty":"fl","c":{"a":0,"k":[0.866666666667,0.913725490196,0.988235294118,1],"ix":4},"o":{"a":0,"k":100,"ix":5},"r":1,"bm":0,"nm":"Relleno 1","mn":"ADBE Vector Graphic - Fill","hd":false},{"ty":"tr","p":{"a":0,"k":[0,0],"ix":2},"a":{"a":0,"k":[0,0],"ix":1},"s":{"a":0,"k":[100,100],"ix":3},"r":{"a":0,"k":0,"ix":6},"o":{"a":0,"k":100,"ix":7},"sk":{"a":0,"k":0,"ix":4},"sa":{"a":0,"k":0,"ix":5},"nm":"Transformar"}],"nm":"Trazado 2013","np":3,"cix":2,"bm":0,"ix":1,"mn":"ADBE Vector Group","hd":false}],"ip":0,"op":180,"st":0,"bm":0},{"ddd":0,"ind":18,"ty":4,"nm":"Trazado 2012","parent":7,"sr":1,"ks":{"o":{"a":0,"k":100,"ix":11},"r":{"a":0,"k":0,"ix":10},"p":{"a":0,"k":[46.05,-67.439,0],"ix":2},"a":{"a":0,"k":[6.626,7.802,0],"ix":1},"s":{"a":0,"k":[100,100,100],"ix":6}},"ao":0,"shapes":[{"ty":"gr","it":[{"ind":0,"ty":"sh","ix":1,"ks":{"a":0,"k":{"i":[[0,0],[-1.822,-1.686],[0,0],[0,0],[0.472,0.86]],"o":[[0,0],[1.822,1.686],[0,0],[0,0],[-0.473,-0.86]],"v":[[6.363,0],[12.86,8.971],[9.556,14.37],[0.381,15.604],[0.023,6.395]],"c":true},"ix":2},"nm":"Trazado 1","mn":"ADBE Vector Shape - Group","hd":false},{"ty":"fl","c":{"a":0,"k":[1,0.725490196078,0.725490196078,1],"ix":4},"o":{"a":0,"k":100,"ix":5},"r":1,"bm":0,"nm":"Relleno 1","mn":"ADBE Vector Graphic - Fill","hd":false},{"ty":"tr","p":{"a":0,"k":[0,0],"ix":2},"a":{"a":0,"k":[0,0],"ix":1},"s":{"a":0,"k":[100,100],"ix":3},"r":{"a":0,"k":0,"ix":6},"o":{"a":0,"k":100,"ix":7},"sk":{"a":0,"k":0,"ix":4},"sa":{"a":0,"k":0,"ix":5},"nm":"Transformar"}],"nm":"Trazado 2012","np":3,"cix":2,"bm":0,"ix":1,"mn":"ADBE Vector Group","hd":false}],"ip":0,"op":180,"st":0,"bm":0},{"ddd":0,"ind":19,"ty":4,"nm":"Trazado 2011","parent":7,"sr":1,"ks":{"o":{"a":0,"k":100,"ix":11},"r":{"a":0,"k":0,"ix":10},"p":{"a":0,"k":[45.966,72.489,0],"ix":2},"a":{"a":0,"k":[4.965,5.661,0],"ix":1},"s":{"a":0,"k":[100,100,100],"ix":6}},"ao":0,"shapes":[{"ty":"gr","it":[{"ind":0,"ty":"sh","ix":1,"ks":{"a":0,"k":{"i":[[0,0],[0.809,-1.788],[-2.193,0.085],[0,0],[0.455,0.422],[-0.826,1.349]],"o":[[0,0],[-0.809,1.788],[2.193,-0.085],[0,0],[-0.456,-0.422],[0.826,-1.35]],"v":[[1.542,0.795],[0.464,6.986],[1.95,11.32],[9.81,10.137],[9.691,7.067],[8.12,0.54]],"c":true},"ix":2},"nm":"Trazado 1","mn":"ADBE Vector Shape - Group","hd":false},{"ty":"fl","c":{"a":0,"k":[0.18431372549,0.180392156863,0.254901960784,1],"ix":4},"o":{"a":0,"k":100,"ix":5},"r":1,"bm":0,"nm":"Relleno 1","mn":"ADBE Vector Graphic - Fill","hd":false},{"ty":"tr","p":{"a":0,"k":[0,0],"ix":2},"a":{"a":0,"k":[0,0],"ix":1},"s":{"a":0,"k":[100,100],"ix":3},"r":{"a":0,"k":0,"ix":6},"o":{"a":0,"k":100,"ix":7},"sk":{"a":0,"k":0,"ix":4},"sa":{"a":0,"k":0,"ix":5},"nm":"Transformar"}],"nm":"Trazado 2011","np":3,"cix":2,"bm":0,"ix":1,"mn":"ADBE Vector Group","hd":false}],"ip":0,"op":180,"st":0,"bm":0},{"ddd":0,"ind":20,"ty":4,"nm":"Trazado 2010","parent":7,"sr":1,"ks":{"o":{"a":0,"k":100,"ix":11},"r":{"a":0,"k":0,"ix":10},"p":{"a":0,"k":[28.153,68.236,0],"ix":2},"a":{"a":0,"k":[10.2,9.094,0],"ix":1},"s":{"a":0,"k":[100,100,100],"ix":6}},"ao":0,"shapes":[{"ty":"gr","it":[{"ind":0,"ty":"sh","ix":1,"ks":{"a":0,"k":{"i":[[0,0],[0.422,-0.456],[-2.193,0.085],[-3.811,3.661],[0.456,0.422],[0,0]],"o":[[0,0],[-0.422,0.456],[2.193,-0.085],[3.811,-3.661],[-0.456,-0.422],[0,0]],"v":[[6.811,3.022],[1.94,13.313],[0.811,18.188],[11.992,12.044],[20.372,1.618],[16.796,0]],"c":true},"ix":2},"nm":"Trazado 1","mn":"ADBE Vector Shape - Group","hd":false},{"ty":"fl","c":{"a":0,"k":[0.18431372549,0.180392156863,0.254901960784,1],"ix":4},"o":{"a":0,"k":100,"ix":5},"r":1,"bm":0,"nm":"Relleno 1","mn":"ADBE Vector Graphic - Fill","hd":false},{"ty":"tr","p":{"a":0,"k":[0,0],"ix":2},"a":{"a":0,"k":[0,0],"ix":1},"s":{"a":0,"k":[100,100],"ix":3},"r":{"a":0,"k":0,"ix":6},"o":{"a":0,"k":100,"ix":7},"sk":{"a":0,"k":0,"ix":4},"sa":{"a":0,"k":0,"ix":5},"nm":"Transformar"}],"nm":"Trazado 2010","np":3,"cix":2,"bm":0,"ix":1,"mn":"ADBE Vector Group","hd":false}],"ip":0,"op":180,"st":0,"bm":0},{"ddd":0,"ind":21,"ty":4,"nm":"Trazado 2009","parent":7,"sr":1,"ks":{"o":{"a":0,"k":100,"ix":11},"r":{"a":0,"k":0,"ix":10},"p":{"a":0,"k":[32.643,27.321,0],"ix":2},"a":{"a":0,"k":[21.507,42.529,0],"ix":1},"s":{"a":0,"k":[100,100,100],"ix":6}},"ao":0,"shapes":[{"ty":"gr","it":[{"ind":0,"ty":"sh","ix":1,"ks":{"a":0,"k":{"i":[[9.678,-10.916],[1.482,-7.085],[-2.903,-6.915],[-0.085,-2.193],[-1.754,0.068],[-0.388,1.333],[0,0],[0,0],[0,0],[0,0],[0,0],[-0.945,-1.72],[-0.371,1.771],[0,0],[4.824,-0.187]],"o":[[0,0],[-1.482,7.085],[2.903,6.914],[0.085,2.193],[1.754,-0.068],[0.388,-1.333],[0,0],[0,0],[0,0],[0,0],[0,0],[0,0],[0.37,-1.771],[0,0],[-4.824,0.187]],"v":[[7.736,4.695],[2.242,21.597],[1.407,45.346],[12.649,74.776],[13.696,79.127],[25.384,74.721],[22.127,70.016],[13.128,41.817],[22.517,23.446],[29.289,50.853],[30.616,85.059],[38.071,84.77],[41.358,78.933],[39.981,43.411],[41.132,5.157]],"c":true},"ix":2},"nm":"Trazado 1","mn":"ADBE Vector Shape - Group","hd":false},{"ty":"fl","c":{"a":0,"k":[0.18431372549,0.180392156863,0.254901960784,1],"ix":4},"o":{"a":0,"k":100,"ix":5},"r":1,"bm":0,"nm":"Relleno 1","mn":"ADBE Vector Graphic - Fill","hd":false},{"ty":"tr","p":{"a":0,"k":[0,0],"ix":2},"a":{"a":0,"k":[0,0],"ix":1},"s":{"a":0,"k":[100,100],"ix":3},"r":{"a":0,"k":0,"ix":6},"o":{"a":0,"k":100,"ix":7},"sk":{"a":0,"k":0,"ix":4},"sa":{"a":0,"k":0,"ix":5},"nm":"Transformar"}],"nm":"Trazado 2009","np":3,"cix":2,"bm":0,"ix":1,"mn":"ADBE Vector Group","hd":false}],"ip":0,"op":180,"st":0,"bm":0},{"ddd":0,"ind":22,"ty":4,"nm":"Trazado 2008","parent":7,"sr":1,"ks":{"o":{"a":0,"k":100,"ix":11},"r":{"a":0,"k":0,"ix":10},"p":{"a":0,"k":[10.125,-38.557,0],"ix":2},"a":{"a":0,"k":[4.286,3.622,0],"ix":1},"s":{"a":0,"k":[100,100,100],"ix":6}},"ao":0,"shapes":[{"ty":"gr","it":[{"ind":0,"ty":"sh","ix":1,"ks":{"a":0,"k":{"i":[[0,0],[-0.136,-3.508],[0,0]],"o":[[0,0],[0.136,3.508],[0,0]],"v":[[8.368,1.981],[0.002,1.428],[8.572,7.244]],"c":true},"ix":2},"nm":"Trazado 1","mn":"ADBE Vector Shape - Group","hd":false},{"ty":"fl","c":{"a":0,"k":[1,0.725490196078,0.725490196078,1],"ix":4},"o":{"a":0,"k":100,"ix":5},"r":1,"bm":0,"nm":"Relleno 1","mn":"ADBE Vector Graphic - Fill","hd":false},{"ty":"tr","p":{"a":0,"k":[0,0],"ix":2},"a":{"a":0,"k":[0,0],"ix":1},"s":{"a":0,"k":[100,100],"ix":3},"r":{"a":0,"k":0,"ix":6},"o":{"a":0,"k":100,"ix":7},"sk":{"a":0,"k":0,"ix":4},"sa":{"a":0,"k":0,"ix":5},"nm":"Transformar"}],"nm":"Trazado 2008","np":3,"cix":2,"bm":0,"ix":1,"mn":"ADBE Vector Group","hd":false}],"ip":0,"op":180,"st":0,"bm":0},{"ddd":0,"ind":23,"ty":4,"nm":"Rectángulo 823","parent":7,"sr":1,"ks":{"o":{"a":0,"k":100,"ix":11},"r":{"a":0,"k":357.779,"ix":10},"p":{"a":0,"k":[38.986,-63.777,0],"ix":2},"a":{"a":0,"k":[0,0,0],"ix":1},"s":{"a":0,"k":[100,100,100],"ix":6}},"ao":0,"shapes":[{"ty":"gr","it":[{"ty":"rc","d":1,"s":{"a":0,"k":[6.144,7.9],"ix":2},"p":{"a":0,"k":[0,0],"ix":3},"r":{"a":0,"k":0,"ix":4},"nm":"Trazado de rectángulo 1","mn":"ADBE Vector Shape - Rect","hd":false},{"ty":"fl","c":{"a":0,"k":[0.423529411765,0.388235294118,1,1],"ix":4},"o":{"a":0,"k":100,"ix":5},"r":1,"bm":0,"nm":"Relleno 1","mn":"ADBE Vector Graphic - Fill","hd":false},{"ty":"tr","p":{"a":0,"k":[0,0],"ix":2},"a":{"a":0,"k":[0,0],"ix":1},"s":{"a":0,"k":[100,100],"ix":3},"r":{"a":0,"k":0,"ix":6},"o":{"a":0,"k":100,"ix":7},"sk":{"a":0,"k":0,"ix":4},"sa":{"a":0,"k":0,"ix":5},"nm":"Transformar"}],"nm":"Rectángulo 823","np":3,"cix":2,"bm":0,"ix":1,"mn":"ADBE Vector Group","hd":false}],"ip":0,"op":180,"st":0,"bm":0},{"ddd":0,"ind":24,"ty":4,"nm":"Rectángulo 776","parent":7,"sr":1,"ks":{"o":{"a":0,"k":100,"ix":11},"r":{"a":0,"k":0,"ix":10},"p":{"a":0,"k":[-35.5,89.621,0],"ix":2},"a":{"a":0,"k":[0,0,0],"ix":1},"s":{"a":0,"k":[100,100,100],"ix":6}},"ao":0,"shapes":[{"ty":"gr","it":[{"ty":"rc","d":1,"s":{"a":0,"k":[51.632,0.551],"ix":2},"p":{"a":0,"k":[0,0],"ix":3},"r":{"a":0,"k":0,"ix":4},"nm":"Trazado de rectángulo 1","mn":"ADBE Vector Shape - Rect","hd":false},{"ty":"fl","c":{"a":0,"k":[0.61568627451,0.627450980392,0.713725490196,1],"ix":4},"o":{"a":0,"k":100,"ix":5},"r":1,"bm":0,"nm":"Relleno 1","mn":"ADBE Vector Graphic - Fill","hd":false},{"ty":"tr","p":{"a":0,"k":[0,0],"ix":2},"a":{"a":0,"k":[0,0],"ix":1},"s":{"a":0,"k":[100,100],"ix":3},"r":{"a":0,"k":0,"ix":6},"o":{"a":0,"k":100,"ix":7},"sk":{"a":0,"k":0,"ix":4},"sa":{"a":0,"k":0,"ix":5},"nm":"Transformar"}],"nm":"Rectángulo 776","np":3,"cix":2,"bm":0,"ix":1,"mn":"ADBE Vector Group","hd":false}],"ip":0,"op":180,"st":0,"bm":0},{"ddd":0,"ind":25,"ty":4,"nm":"Grupo 1583","sr":1,"ks":{"o":{"a":0,"k":100,"ix":11},"r":{"a":0,"k":0,"ix":10},"p":{"a":0,"k":[149.421,131.818,0],"ix":2},"a":{"a":0,"k":[0,0,0],"ix":1},"s":{"a":0,"k":[100,100,100],"ix":6}},"ao":0,"shapes":[{"ty":"rc","d":1,"s":{"a":0,"k":[119.24,153.636],"ix":2},"p":{"a":0,"k":[0,0],"ix":3},"r":{"a":0,"k":0,"ix":4},"nm":"Trazado de rectángulo 1","mn":"ADBE Vector Shape - Rect","hd":false}],"ip":0,"op":180,"st":0,"bm":0},{"ddd":0,"ind":26,"ty":4,"nm":"Trazado 2001","parent":25,"sr":1,"ks":{"o":{"a":0,"k":100,"ix":11},"r":{"a":0,"k":0,"ix":10},"p":{"a":0,"k":[-0.384,0.807,0],"ix":2},"a":{"a":0,"k":[15.195,13.296,0],"ix":1},"s":{"a":0,"k":[100,100,100],"ix":6}},"ao":0,"shapes":[{"ty":"gr","it":[{"ind":0,"ty":"sh","ix":1,"ks":{"a":0,"k":{"i":[[0,0],[0,0],[0,0],[0,0],[0,0],[0,0]],"o":[[0,0],[0,0],[0,0],[0,0],[0,0],[0,0]],"v":[[3.799,10.637],[12.916,18.994],[25.832,0],[30.391,3.799],[12.916,26.592],[0,12.156]],"c":true},"ix":2},"nm":"Trazado 1","mn":"ADBE Vector Shape - Group","hd":false},{"ty":"fl","c":{"a":0,"k":[1,1,1,1],"ix":4},"o":{"a":0,"k":100,"ix":5},"r":1,"bm":0,"nm":"Relleno 1","mn":"ADBE Vector Graphic - Fill","hd":false},{"ty":"tr","p":{"a":0,"k":[0,0],"ix":2},"a":{"a":0,"k":[0,0],"ix":1},"s":{"a":0,"k":[100,100],"ix":3},"r":{"a":0,"k":0,"ix":6},"o":{"a":0,"k":100,"ix":7},"sk":{"a":0,"k":0,"ix":4},"sa":{"a":0,"k":0,"ix":5},"nm":"Transformar"}],"nm":"Trazado 2001","np":3,"cix":2,"bm":0,"ix":1,"mn":"ADBE Vector Group","hd":false}],"ip":0,"op":180,"st":0,"bm":0},{"ddd":0,"ind":27,"ty":4,"nm":"Trazado 1998","parent":25,"sr":1,"ks":{"o":{"a":0,"k":100,"ix":11},"r":{"a":0,"k":0,"ix":10},"p":{"a":0,"k":[0,0,0],"ix":2},"a":{"a":0,"k":[59.62,76.818,0],"ix":1},"s":{"a":0,"k":[100,100,100],"ix":6}},"ao":0,"shapes":[{"ty":"gr","it":[{"ind":0,"ty":"sh","ix":1,"ks":{"a":0,"k":{"i":[[0,0],[0,0],[-59.62,-41.275],[0,0]],"o":[[0,0],[0,0],[59.62,-41.275],[0,0]],"v":[[59.62,0],[0,36.689],[59.62,153.636],[119.24,36.689]],"c":true},"ix":2},"nm":"Trazado 1","mn":"ADBE Vector Shape - Group","hd":false},{"ty":"fl","c":{"a":0,"k":[0.137254901961,0.458823529412,0.941176470588,1],"ix":4},"o":{"a":0,"k":100,"ix":5},"r":1,"bm":0,"nm":"Relleno 1","mn":"ADBE Vector Graphic - Fill","hd":false},{"ty":"tr","p":{"a":0,"k":[0,0],"ix":2},"a":{"a":0,"k":[0,0],"ix":1},"s":{"a":0,"k":[100,100],"ix":3},"r":{"a":0,"k":0,"ix":6},"o":{"a":0,"k":100,"ix":7},"sk":{"a":0,"k":0,"ix":4},"sa":{"a":0,"k":0,"ix":5},"nm":"Transformar"}],"nm":"Trazado 1998","np":3,"cix":2,"bm":0,"ix":1,"mn":"ADBE Vector Group","hd":false}],"ip":0,"op":180,"st":0,"bm":0},{"ddd":0,"ind":28,"ty":0,"nm":"Comp 1","refId":"comp_0","sr":1,"ks":{"o":{"a":0,"k":100,"ix":11},"r":{"a":0,"k":0,"ix":10},"p":{"a":0,"k":[146.5,156,0],"ix":2},"a":{"a":0,"k":[160,160,0],"ix":1},"s":{"a":0,"k":[100,100,100],"ix":6}},"ao":0,"w":320,"h":320,"ip":0,"op":188.188188188188,"st":0,"bm":0},{"ddd":0,"ind":29,"ty":0,"nm":"Precomp. 2","refId":"comp_1","sr":1,"ks":{"o":{"a":0,"k":100,"ix":11},"r":{"a":0,"k":0,"ix":10},"p":{"a":0,"k":[147,154,0],"ix":2},"a":{"a":0,"k":[132.5,133.5,0],"ix":1},"s":{"a":0,"k":[32,32,100],"ix":6}},"ao":0,"w":265,"h":267,"ip":0,"op":286,"st":0,"bm":0},{"ddd":0,"ind":30,"ty":0,"nm":"MAIN COMP_LOADING ICON_SHAPES ONLY_SVG_SIZE REDUCTION","refId":"comp_2","sr":1,"ks":{"o":{"a":0,"k":100,"ix":11},"r":{"a":0,"k":0,"ix":10},"p":{"a":0,"k":[147,154,0],"ix":2},"a":{"a":0,"k":[540,540,0],"ix":1},"s":{"a":0,"k":[32,32,100],"ix":6}},"ao":0,"w":1080,"h":1080,"ip":0,"op":9999,"st":0,"bm":0}],"markers":[],"chars":[{"ch":"$","size":32,"style":"Medium","w":59.5,"data":{"shapes":[{"ty":"gr","it":[{"ind":0,"ty":"sh","ix":1,"ks":{"a":0,"k":{"i":[[0,0],[0,0],[0,9.064],[11.984,2.618],[0,0],[0,0],[-0.504,-3.021],[0,0],[11.884,1.913],[0,0],[0,0],[0,0],[0,-9.97],[-10.675,-2.417],[0,0],[0,0],[0.504,5.74],[0,0],[-13.998,-1.712],[0,0]],"o":[[0,0],[12.387,-1.712],[0,-8.963],[0,0],[0,0],[5.035,1.913],[0,0],[-1.41,-6.647],[0,0],[0,0],[0,0],[-11.078,1.511],[0,9.869],[0,0],[0,0],[-6.747,-1.611],[0,0],[0.906,8.661],[0,0],[0,0]],"v":[[35.651,11.783],[35.651,1.108],[54.684,-18.329],[36.557,-37.463],[35.651,-37.665],[35.651,-55.692],[43.103,-46.124],[53.979,-49.548],[35.651,-66.367],[35.651,-77.142],[26.385,-77.142],[26.385,-66.467],[7.251,-46.729],[24.573,-28.198],[26.385,-27.795],[26.385,-9.265],[16.013,-22.256],[4.733,-19.135],[26.385,1.208],[26.385,11.783]],"c":true},"ix":2},"nm":"$","mn":"ADBE Vector Shape - Group","hd":false},{"ind":1,"ty":"sh","ix":2,"ks":{"a":0,"k":{"i":[[0,3.625],[-4.834,1.208],[0,0]],"o":[[0,-3.827],[0,0],[-5.035,-1.007]],"v":[[19.034,-47.433],[26.385,-56.094],[26.385,-39.578]],"c":true},"ix":2},"nm":"$","mn":"ADBE Vector Shape - Group","hd":false},{"ind":2,"ty":"sh","ix":3,"ks":{"a":0,"k":{"i":[[0,-3.625],[5.035,-1.007],[0,0]],"o":[[0,3.827],[0,0],[5.035,1.41]],"v":[[43.002,-17.725],[35.651,-9.265],[35.651,-25.781]],"c":true},"ix":2},"nm":"$","mn":"ADBE Vector Shape - Group","hd":false}],"nm":"$","np":6,"cix":2,"bm":0,"ix":1,"mn":"ADBE Vector Group","hd":false}]},"fFamily":"Circular Std"}]}