{"v":"5.6.8","fr":29.9700012207031,"ip":0,"op":63.0000025660426,"w":800,"h":800,"nm":"Pre-comp 1","ddd":0,"assets":[],"layers":[{"ddd":0,"ind":1,"ty":4,"nm":"Layer 4","sr":1,"ks":{"o":{"a":0,"k":100,"ix":11},"r":{"a":0,"k":0,"ix":10},"p":{"a":0,"k":[400,400,0],"ix":2},"a":{"a":0,"k":[0,0,0],"ix":1},"s":{"a":0,"k":[100,100,100],"ix":6}},"ao":0,"shapes":[{"ty":"gr","it":[{"ty":"gr","it":[{"ty":"gr","it":[{"ind":0,"ty":"sh","ix":1,"ks":{"a":0,"k":{"i":[[7.697,-35.164],[-6.963,18.392],[-11.13,0.195]],"o":[[2.164,-19.531],[6.833,-8.015],[-15.706,4.797]],"v":[[63.533,-67.388],[77.275,-124.501],[101.919,-137.716]],"c":true},"ix":2},"nm":"Path 1","mn":"ADBE Vector Shape - Group","hd":false},{"ty":"fl","c":{"a":0,"k":[0.921568632126,0.478431373835,0.254901975393,1],"ix":4},"o":{"a":0,"k":100,"ix":5},"r":1,"bm":0,"nm":"Fill 1","mn":"ADBE Vector Graphic - Fill","hd":false},{"ty":"tr","p":{"a":0,"k":[0,0],"ix":2},"a":{"a":0,"k":[0,0],"ix":1},"s":{"a":0,"k":[100,100],"ix":3},"r":{"a":0,"k":0,"ix":6},"o":{"a":0,"k":100,"ix":7},"sk":{"a":0,"k":0,"ix":4},"sa":{"a":0,"k":0,"ix":5},"nm":"Transform"}],"nm":"Group 1","np":2,"cix":2,"bm":0,"ix":1,"mn":"ADBE Vector Group","hd":false},{"ty":"gr","it":[{"ind":0,"ty":"sh","ix":1,"ks":{"a":0,"k":{"i":[[0,0],[0,0],[-12.014,-9.732],[3.955,-14.947],[19.361,-10.522],[7.844,-8.069],[5.613,0.158],[11.972,0.411],[1.625,3.491],[0,0],[0,0],[0,0],[0,0],[4.342,2.888],[-0.5,1.788],[-1.659,-0.158],[-3.608,2.215],[-4.984,0.961],[-6.963,18.392]],"o":[[0,0],[13.801,-6.972],[12.015,9.732],[-5.694,21.521],[-1.976,8.43],[-3.882,3.155],[-11.975,-0.337],[-4.773,-0.165],[0,0],[0,0],[0,0],[0,0],[-4.842,1.524],[-1.436,-0.956],[0.501,-1.788],[4.104,0.391],[4.436,-2.724],[2.164,-19.531],[0,0]],"v":[[51.775,-124.501],[81.939,-139.739],[124.361,-135.202],[137.605,-94.646],[98.235,-44.523],[85.051,-23.386],[70.122,-18.673],[41.2,-19.795],[30.628,-25.837],[27.983,-31.518],[46.176,-31.518],[51.33,-44.005],[49.767,-49.416],[35.392,-51.551],[33.791,-56.241],[37.482,-59.027],[49.306,-61.825],[63.533,-67.388],[77.275,-124.501]],"c":true},"ix":2},"nm":"Path 1","mn":"ADBE Vector Shape - Group","hd":false},{"ty":"fl","c":{"a":0,"k":[1,0.600000023842,0.40000000596,1],"ix":4},"o":{"a":0,"k":100,"ix":5},"r":1,"bm":0,"nm":"Fill 1","mn":"ADBE Vector Graphic - Fill","hd":false},{"ty":"tr","p":{"a":0,"k":[0,0],"ix":2},"a":{"a":0,"k":[0,0],"ix":1},"s":{"a":0,"k":[100,100],"ix":3},"r":{"a":0,"k":0,"ix":6},"o":{"a":0,"k":100,"ix":7},"sk":{"a":0,"k":0,"ix":4},"sa":{"a":0,"k":0,"ix":5},"nm":"Transform"}],"nm":"Group 2","np":2,"cix":2,"bm":0,"ix":2,"mn":"ADBE Vector Group","hd":false},{"ty":"tr","p":{"a":0,"k":[0,0],"ix":2},"a":{"a":0,"k":[0,0],"ix":1},"s":{"a":0,"k":[100,100],"ix":3},"r":{"a":0,"k":0,"ix":6},"o":{"a":0,"k":100,"ix":7},"sk":{"a":0,"k":0,"ix":4},"sa":{"a":0,"k":0,"ix":5},"nm":"Transform"}],"nm":"Group 1","np":2,"cix":2,"bm":0,"ix":1,"mn":"ADBE Vector Group","hd":false},{"ty":"gr","it":[{"ty":"gr","it":[{"ind":0,"ty":"sh","ix":1,"ks":{"a":0,"k":{"i":[[-7.697,-35.164],[6.963,18.392],[11.129,0.195]],"o":[[-2.165,-19.531],[-6.833,-8.015],[15.706,4.797]],"v":[[-67.273,-67.388],[-81.016,-124.501],[-105.659,-137.716]],"c":true},"ix":2},"nm":"Path 1","mn":"ADBE Vector Shape - Group","hd":false},{"ty":"fl","c":{"a":0,"k":[0.921568632126,0.478431373835,0.254901975393,1],"ix":4},"o":{"a":0,"k":100,"ix":5},"r":1,"bm":0,"nm":"Fill 1","mn":"ADBE Vector Graphic - Fill","hd":false},{"ty":"tr","p":{"a":0,"k":[0,0],"ix":2},"a":{"a":0,"k":[0,0],"ix":1},"s":{"a":0,"k":[100,100],"ix":3},"r":{"a":0,"k":0,"ix":6},"o":{"a":0,"k":100,"ix":7},"sk":{"a":0,"k":0,"ix":4},"sa":{"a":0,"k":0,"ix":5},"nm":"Transform"}],"nm":"Group 1","np":2,"cix":2,"bm":0,"ix":1,"mn":"ADBE Vector Group","hd":false},{"ty":"gr","it":[{"ind":0,"ty":"sh","ix":1,"ks":{"a":0,"k":{"i":[[0,0],[0,0],[12.014,-9.732],[-3.955,-14.947],[-19.361,-10.522],[-7.844,-8.069],[-5.614,0.158],[-11.97,0.411],[-1.626,3.491],[0,0],[0,0],[0,0],[0,0],[-4.342,2.888],[0.5,1.788],[1.66,-0.158],[3.609,2.215],[4.984,0.961],[6.963,18.392]],"o":[[0,0],[-13.8,-6.972],[-12.014,9.732],[5.694,21.521],[1.975,8.43],[3.882,3.155],[11.975,-0.337],[4.774,-0.165],[0,0],[0,0],[0,0],[0,0],[4.841,1.524],[1.436,-0.956],[-0.5,-1.788],[-4.104,0.391],[-4.436,-2.724],[-2.165,-19.531],[0,0]],"v":[[-55.514,-124.501],[-85.68,-139.739],[-128.102,-135.202],[-141.346,-94.646],[-101.975,-44.523],[-88.791,-23.386],[-73.862,-18.673],[-44.941,-19.795],[-34.367,-25.837],[-31.724,-31.518],[-49.917,-31.518],[-55.07,-44.005],[-53.506,-49.416],[-39.132,-51.551],[-37.531,-56.241],[-41.223,-59.027],[-53.046,-61.825],[-67.273,-67.388],[-81.016,-124.501]],"c":true},"ix":2},"nm":"Path 1","mn":"ADBE Vector Shape - Group","hd":false},{"ty":"fl","c":{"a":0,"k":[1,0.600000023842,0.40000000596,1],"ix":4},"o":{"a":0,"k":100,"ix":5},"r":1,"bm":0,"nm":"Fill 1","mn":"ADBE Vector Graphic - Fill","hd":false},{"ty":"tr","p":{"a":0,"k":[0,0],"ix":2},"a":{"a":0,"k":[0,0],"ix":1},"s":{"a":0,"k":[100,100],"ix":3},"r":{"a":0,"k":0,"ix":6},"o":{"a":0,"k":100,"ix":7},"sk":{"a":0,"k":0,"ix":4},"sa":{"a":0,"k":0,"ix":5},"nm":"Transform"}],"nm":"Group 2","np":2,"cix":2,"bm":0,"ix":2,"mn":"ADBE Vector Group","hd":false},{"ty":"tr","p":{"a":0,"k":[0,0],"ix":2},"a":{"a":0,"k":[0,0],"ix":1},"s":{"a":0,"k":[100,100],"ix":3},"r":{"a":0,"k":0,"ix":6},"o":{"a":0,"k":100,"ix":7},"sk":{"a":0,"k":0,"ix":4},"sa":{"a":0,"k":0,"ix":5},"nm":"Transform"}],"nm":"Group 2","np":2,"cix":2,"bm":0,"ix":2,"mn":"ADBE Vector Group","hd":false},{"ty":"tr","p":{"a":0,"k":[0,0],"ix":2},"a":{"a":0,"k":[0,0],"ix":1},"s":{"a":0,"k":[100,100],"ix":3},"r":{"a":0,"k":0,"ix":6},"o":{"a":0,"k":100,"ix":7},"sk":{"a":0,"k":0,"ix":4},"sa":{"a":0,"k":0,"ix":5},"nm":"Transform"}],"nm":"Group 1","np":2,"cix":2,"bm":0,"ix":1,"mn":"ADBE Vector Group","hd":false},{"ty":"gr","it":[{"ind":0,"ty":"sh","ix":1,"ks":{"a":0,"k":{"i":[[0,25.57],[0,0],[25.57,0],[0,0],[0,9.75],[0,0],[-25.571,0],[0,0]],"o":[[0,0],[0,9.75],[0,0],[-25.571,0],[0,0],[0,25.57],[0,0],[25.57,0]],"v":[[152.999,-78.009],[152.999,-78.009],[106.508,-60.282],[-110.247,-60.282],[-156.739,-78.009],[-156.739,-78.009],[-110.247,-31.518],[106.508,-31.518]],"c":true},"ix":2},"nm":"Path 1","mn":"ADBE Vector Shape - Group","hd":false},{"ty":"fl","c":{"a":0,"k":[0.701960802078,0.176470592618,0,1],"ix":4},"o":{"a":0,"k":100,"ix":5},"r":1,"bm":0,"nm":"Fill 1","mn":"ADBE Vector Graphic - Fill","hd":false},{"ty":"tr","p":{"a":0,"k":[0,0],"ix":2},"a":{"a":0,"k":[0,0],"ix":1},"s":{"a":0,"k":[100,100],"ix":3},"r":{"a":0,"k":0,"ix":6},"o":{"a":0,"k":100,"ix":7},"sk":{"a":0,"k":0,"ix":4},"sa":{"a":0,"k":0,"ix":5},"nm":"Transform"}],"nm":"Group 2","np":2,"cix":2,"bm":0,"ix":2,"mn":"ADBE Vector Group","hd":false},{"ty":"gr","it":[{"ind":0,"ty":"sh","ix":1,"ks":{"a":0,"k":{"i":[[-25.571,0],[0,0],[0,-25.571],[0,0],[25.57,0],[0,0],[0,25.57],[0,0]],"o":[[0,0],[25.57,0],[0,0],[0,25.57],[0,0],[-25.571,0],[0,0],[0,-25.571]],"v":[[-110.247,-124.501],[106.508,-124.501],[152.999,-78.009],[152.999,-78.009],[106.508,-31.518],[-110.247,-31.518],[-156.739,-78.009],[-156.739,-78.009]],"c":true},"ix":2},"nm":"Path 1","mn":"ADBE Vector Shape - Group","hd":false},{"ty":"fl","c":{"a":0,"k":[0.800000011921,0.20000000298,0,1],"ix":4},"o":{"a":0,"k":100,"ix":5},"r":1,"bm":0,"nm":"Fill 1","mn":"ADBE Vector Graphic - Fill","hd":false},{"ty":"tr","p":{"a":0,"k":[0,0],"ix":2},"a":{"a":0,"k":[0,0],"ix":1},"s":{"a":0,"k":[100,100],"ix":3},"r":{"a":0,"k":0,"ix":6},"o":{"a":0,"k":100,"ix":7},"sk":{"a":0,"k":0,"ix":4},"sa":{"a":0,"k":0,"ix":5},"nm":"Transform"}],"nm":"Group 3","np":2,"cix":2,"bm":0,"ix":3,"mn":"ADBE Vector Group","hd":false}],"ip":0,"op":300.00001221925,"st":0,"bm":0},{"ddd":0,"ind":2,"ty":4,"nm":"Layer 2","sr":1,"ks":{"o":{"a":0,"k":100,"ix":11},"r":{"a":0,"k":0,"ix":10},"p":{"a":1,"k":[{"i":{"x":0.667,"y":1},"o":{"x":0.333,"y":0},"t":0,"s":[400,400,0],"to":[0,3.333,0],"ti":[0,0,0]},{"i":{"x":0.667,"y":1},"o":{"x":0.333,"y":0},"t":31,"s":[400,420,0],"to":[0,0,0],"ti":[0,3.333,0]},{"t":63.0000025660426,"s":[400,400,0]}],"ix":2},"a":{"a":0,"k":[0,0,0],"ix":1},"s":{"a":0,"k":[100,100,100],"ix":6}},"ao":0,"shapes":[{"ty":"gr","it":[{"ty":"gr","it":[{"ty":"gr","it":[{"ind":0,"ty":"sh","ix":1,"ks":{"a":0,"k":{"i":[[0,0],[0,0],[2.679,-6.71],[0,0],[-5.984,-0.364],[0,0],[0,0]],"o":[[0,0],[-7.213,0.414],[0,0],[5.311,-2.78],[0,0],[0,0],[0,0]],"v":[[-16.858,-167.786],[-19.896,-167.611],[-36.109,-155.935],[-34.121,-156.975],[-16.857,-160.667],[-14.307,-167.323],[-17.13,-164.441]],"c":true},"ix":2},"nm":"Path 1","mn":"ADBE Vector Shape - Group","hd":false},{"ty":"fl","c":{"a":0,"k":[0.20000000298,0.20000000298,0.20000000298,1],"ix":4},"o":{"a":0,"k":100,"ix":5},"r":1,"bm":0,"nm":"Fill 1","mn":"ADBE Vector Graphic - Fill","hd":false},{"ty":"tr","p":{"a":0,"k":[0,0],"ix":2},"a":{"a":0,"k":[0,0],"ix":1},"s":{"a":0,"k":[100,100],"ix":3},"r":{"a":0,"k":0,"ix":6},"o":{"a":0,"k":100,"ix":7},"sk":{"a":0,"k":0,"ix":4},"sa":{"a":0,"k":0,"ix":5},"nm":"Transform"}],"nm":"Group 1","np":2,"cix":2,"bm":0,"ix":1,"mn":"ADBE Vector Group","hd":false},{"ty":"gr","it":[{"ind":0,"ty":"sh","ix":1,"ks":{"a":0,"k":{"i":[[-1.413,0],[0,1.499],[1.413,0],[0,-1.499]],"o":[[1.413,0],[0,-1.499],[-1.413,0],[0,1.499]],"v":[[-24.236,-143.608],[-21.67,-146.329],[-24.236,-149.05],[-26.802,-146.329]],"c":true},"ix":2},"nm":"Path 1","mn":"ADBE Vector Shape - Group","hd":false},{"ty":"fl","c":{"a":0,"k":[1,1,1,1],"ix":4},"o":{"a":0,"k":100,"ix":5},"r":1,"bm":0,"nm":"Fill 1","mn":"ADBE Vector Graphic - Fill","hd":false},{"ty":"tr","p":{"a":0,"k":[0,0],"ix":2},"a":{"a":0,"k":[0,0],"ix":1},"s":{"a":0,"k":[100,100],"ix":3},"r":{"a":0,"k":0,"ix":6},"o":{"a":0,"k":100,"ix":7},"sk":{"a":0,"k":0,"ix":4},"sa":{"a":0,"k":0,"ix":5},"nm":"Transform"}],"nm":"Group 2","np":2,"cix":2,"bm":0,"ix":2,"mn":"ADBE Vector Group","hd":false},{"ty":"gr","it":[{"ind":0,"ty":"sh","ix":1,"ks":{"a":0,"k":{"i":[[2.362,0],[0,-3.264],[-0.426,-0.919],[-0.963,0],[-1.353,-0.204],[0,1.252]],"o":[[-2.361,0],[0,1.173],[0.904,-0.085],[1.508,0],[0.48,-0.956],[0,-3.264]],"v":[[-20.933,-148.35],[-25.209,-142.441],[-24.534,-139.257],[-21.729,-139.387],[-17.419,-139.073],[-16.656,-142.441]],"c":true},"ix":2},"nm":"Path 1","mn":"ADBE Vector Shape - Group","hd":false},{"ty":"fl","c":{"a":0,"k":[0.20000000298,0.20000000298,0.20000000298,1],"ix":4},"o":{"a":0,"k":100,"ix":5},"r":1,"bm":0,"nm":"Fill 1","mn":"ADBE Vector Graphic - Fill","hd":false},{"ty":"tr","p":{"a":0,"k":[0,0],"ix":2},"a":{"a":0,"k":[0,0],"ix":1},"s":{"a":0,"k":[100,100],"ix":3},"r":{"a":0,"k":0,"ix":6},"o":{"a":0,"k":100,"ix":7},"sk":{"a":0,"k":0,"ix":4},"sa":{"a":0,"k":0,"ix":5},"nm":"Transform"}],"nm":"Group 3","np":2,"cix":2,"bm":0,"ix":3,"mn":"ADBE Vector Group","hd":false},{"ty":"gr","it":[{"ind":0,"ty":"sh","ix":1,"ks":{"a":0,"k":{"i":[[4.916,0],[0,-6.055],[-0.616,-1.49],[-2.973,0],[-2.22,-0.725],[0,1.786]],"o":[[-4.917,0],[0,1.786],[2.22,-0.725],[2.972,0],[0.617,-1.49],[0,-6.055]],"v":[[-21.729,-154.159],[-30.631,-143.196],[-29.668,-138.233],[-21.729,-139.387],[-13.79,-138.233],[-12.827,-143.196]],"c":true},"ix":2},"nm":"Path 1","mn":"ADBE Vector Shape - Group","hd":false},{"ty":"fl","c":{"a":0,"k":[1,1,1,1],"ix":4},"o":{"a":0,"k":100,"ix":5},"r":1,"bm":0,"nm":"Fill 1","mn":"ADBE Vector Graphic - Fill","hd":false},{"ty":"tr","p":{"a":0,"k":[0,0],"ix":2},"a":{"a":0,"k":[0,0],"ix":1},"s":{"a":0,"k":[100,100],"ix":3},"r":{"a":0,"k":0,"ix":6},"o":{"a":0,"k":100,"ix":7},"sk":{"a":0,"k":0,"ix":4},"sa":{"a":0,"k":0,"ix":5},"nm":"Transform"}],"nm":"Group 4","np":2,"cix":2,"bm":0,"ix":4,"mn":"ADBE Vector Group","hd":false},{"ty":"tr","p":{"a":0,"k":[0,0],"ix":2},"a":{"a":0,"k":[0,0],"ix":1},"s":{"a":0,"k":[100,100],"ix":3},"r":{"a":0,"k":0,"ix":6},"o":{"a":0,"k":100,"ix":7},"sk":{"a":0,"k":0,"ix":4},"sa":{"a":0,"k":0,"ix":5},"nm":"Transform"}],"nm":"Group 1","np":4,"cix":2,"bm":0,"ix":1,"mn":"ADBE Vector Group","hd":false},{"ty":"gr","it":[{"ty":"gr","it":[{"ind":0,"ty":"sh","ix":1,"ks":{"a":0,"k":{"i":[[0,0],[0,0],[-2.679,-6.71],[0,0],[5.983,-0.364],[0,0],[0,0]],"o":[[0,0],[7.214,0.414],[0,0],[-5.311,-2.78],[0,0],[0,0],[0,0]],"v":[[13.118,-167.786],[16.156,-167.611],[32.37,-155.935],[30.382,-156.975],[13.118,-160.667],[10.567,-167.323],[13.391,-164.441]],"c":true},"ix":2},"nm":"Path 1","mn":"ADBE Vector Shape - Group","hd":false},{"ty":"fl","c":{"a":0,"k":[0.20000000298,0.20000000298,0.20000000298,1],"ix":4},"o":{"a":0,"k":100,"ix":5},"r":1,"bm":0,"nm":"Fill 1","mn":"ADBE Vector Graphic - Fill","hd":false},{"ty":"tr","p":{"a":0,"k":[0,0],"ix":2},"a":{"a":0,"k":[0,0],"ix":1},"s":{"a":0,"k":[100,100],"ix":3},"r":{"a":0,"k":0,"ix":6},"o":{"a":0,"k":100,"ix":7},"sk":{"a":0,"k":0,"ix":4},"sa":{"a":0,"k":0,"ix":5},"nm":"Transform"}],"nm":"Group 1","np":2,"cix":2,"bm":0,"ix":1,"mn":"ADBE Vector Group","hd":false},{"ty":"gr","it":[{"ind":0,"ty":"sh","ix":1,"ks":{"a":0,"k":{"i":[[-1.413,0],[0,1.499],[1.413,0],[0,-1.499]],"o":[[1.413,0],[0,-1.499],[-1.413,0],[0,1.499]],"v":[[20.497,-143.608],[23.062,-146.329],[20.497,-149.05],[17.931,-146.329]],"c":true},"ix":2},"nm":"Path 1","mn":"ADBE Vector Shape - Group","hd":false},{"ty":"fl","c":{"a":0,"k":[1,1,1,1],"ix":4},"o":{"a":0,"k":100,"ix":5},"r":1,"bm":0,"nm":"Fill 1","mn":"ADBE Vector Graphic - Fill","hd":false},{"ty":"tr","p":{"a":0,"k":[0,0],"ix":2},"a":{"a":0,"k":[0,0],"ix":1},"s":{"a":0,"k":[100,100],"ix":3},"r":{"a":0,"k":0,"ix":6},"o":{"a":0,"k":100,"ix":7},"sk":{"a":0,"k":0,"ix":4},"sa":{"a":0,"k":0,"ix":5},"nm":"Transform"}],"nm":"Group 2","np":2,"cix":2,"bm":0,"ix":2,"mn":"ADBE Vector Group","hd":false},{"ty":"gr","it":[{"ind":0,"ty":"sh","ix":1,"ks":{"a":0,"k":{"i":[[-2.361,0],[0,-3.264],[0.426,-0.919],[0.963,0],[1.352,-0.204],[0,1.252]],"o":[[2.362,0],[0,1.173],[-0.905,-0.085],[-1.508,0],[-0.48,-0.956],[0,-3.264]],"v":[[17.192,-148.35],[21.469,-142.441],[20.795,-139.257],[17.989,-139.387],[13.68,-139.073],[12.917,-142.441]],"c":true},"ix":2},"nm":"Path 1","mn":"ADBE Vector Shape - Group","hd":false},{"ty":"fl","c":{"a":0,"k":[0.20000000298,0.20000000298,0.20000000298,1],"ix":4},"o":{"a":0,"k":100,"ix":5},"r":1,"bm":0,"nm":"Fill 1","mn":"ADBE Vector Graphic - Fill","hd":false},{"ty":"tr","p":{"a":0,"k":[0,0],"ix":2},"a":{"a":0,"k":[0,0],"ix":1},"s":{"a":0,"k":[100,100],"ix":3},"r":{"a":0,"k":0,"ix":6},"o":{"a":0,"k":100,"ix":7},"sk":{"a":0,"k":0,"ix":4},"sa":{"a":0,"k":0,"ix":5},"nm":"Transform"}],"nm":"Group 3","np":2,"cix":2,"bm":0,"ix":3,"mn":"ADBE Vector Group","hd":false},{"ty":"gr","it":[{"ind":0,"ty":"sh","ix":1,"ks":{"a":0,"k":{"i":[[-4.916,0],[0,-6.055],[0.616,-1.49],[2.974,0],[2.22,-0.725],[0,1.786]],"o":[[4.916,0],[0,1.786],[-2.22,-0.725],[-2.973,0],[-0.616,-1.49],[0,-6.055]],"v":[[17.989,-154.159],[26.892,-143.196],[25.928,-138.233],[17.989,-139.387],[10.051,-138.233],[9.087,-143.196]],"c":true},"ix":2},"nm":"Path 1","mn":"ADBE Vector Shape - Group","hd":false},{"ty":"fl","c":{"a":0,"k":[1,1,1,1],"ix":4},"o":{"a":0,"k":100,"ix":5},"r":1,"bm":0,"nm":"Fill 1","mn":"ADBE Vector Graphic - Fill","hd":false},{"ty":"tr","p":{"a":0,"k":[0,0],"ix":2},"a":{"a":0,"k":[0,0],"ix":1},"s":{"a":0,"k":[100,100],"ix":3},"r":{"a":0,"k":0,"ix":6},"o":{"a":0,"k":100,"ix":7},"sk":{"a":0,"k":0,"ix":4},"sa":{"a":0,"k":0,"ix":5},"nm":"Transform"}],"nm":"Group 4","np":2,"cix":2,"bm":0,"ix":4,"mn":"ADBE Vector Group","hd":false},{"ty":"tr","p":{"a":0,"k":[0,0],"ix":2},"a":{"a":0,"k":[0,0],"ix":1},"s":{"a":0,"k":[100,100],"ix":3},"r":{"a":0,"k":0,"ix":6},"o":{"a":0,"k":100,"ix":7},"sk":{"a":0,"k":0,"ix":4},"sa":{"a":0,"k":0,"ix":5},"nm":"Transform"}],"nm":"Group 2","np":4,"cix":2,"bm":0,"ix":2,"mn":"ADBE Vector Group","hd":false},{"ty":"tr","p":{"a":0,"k":[0,0],"ix":2},"a":{"a":0,"k":[0,0],"ix":1},"s":{"a":0,"k":[100,100],"ix":3},"r":{"a":0,"k":0,"ix":6},"o":{"a":0,"k":100,"ix":7},"sk":{"a":0,"k":0,"ix":4},"sa":{"a":0,"k":0,"ix":5},"nm":"Transform"}],"nm":"Group 1","np":2,"cix":2,"bm":0,"ix":1,"mn":"ADBE Vector Group","hd":false},{"ty":"gr","it":[{"ind":0,"ty":"sh","ix":1,"ks":{"a":0,"k":{"i":[[-2.207,-8.311],[0,0],[5.694,5.56],[7.417,-2.885],[0,0],[23.313,-17.491],[0.595,-7.68],[-5.375,-5.517],[0,0],[-6.133,-10.618],[0,0],[0,0],[-15.833,-1.059],[-6.362,7.016],[0,0]],"o":[[0,0],[2.707,-7.484],[-5.693,-5.56],[0,0],[-19.254,-21.88],[-6.161,4.623],[-0.595,7.681],[0,0],[-2.167,12.07],[0,0],[0,0],[14.352,-6.77],[9.451,0.632],[0,0],[6.001,6.159]],"v":[[48.372,-154.245],[57.932,-180.669],[53.027,-202.088],[31.499,-206.481],[21.235,-218.143],[-54.177,-225.917],[-64.807,-206.563],[-57.287,-185.801],[-58.375,-179.737],[-52.232,-144.602],[-49.357,-159.678],[-41.116,-163.565],[4.909,-172.273],[29.943,-182.38],[35.852,-176.316]],"c":true},"ix":2},"nm":"Path 1","mn":"ADBE Vector Shape - Group","hd":false},{"ty":"fl","c":{"a":0,"k":[0.20000000298,0.20000000298,0.20000000298,1],"ix":4},"o":{"a":0,"k":100,"ix":5},"r":1,"bm":0,"nm":"Fill 1","mn":"ADBE Vector Graphic - Fill","hd":false},{"ty":"tr","p":{"a":0,"k":[0,0],"ix":2},"a":{"a":0,"k":[0,0],"ix":1},"s":{"a":0,"k":[100,100],"ix":3},"r":{"a":0,"k":0,"ix":6},"o":{"a":0,"k":100,"ix":7},"sk":{"a":0,"k":0,"ix":4},"sa":{"a":0,"k":0,"ix":5},"nm":"Transform"}],"nm":"Group 2","np":2,"cix":2,"bm":0,"ix":2,"mn":"ADBE Vector Group","hd":false},{"ty":"gr","it":[{"ind":0,"ty":"sh","ix":1,"ks":{"a":0,"k":{"i":[[0,0],[0,0],[-2.645,-4.915],[-26.379,-1.403],[-17.46,-12.044],[-1.337,5.152],[0,0],[0,0],[0,0],[0,0]],"o":[[0,0],[1.454,5.601],[21.268,-15.239],[21.528,1.145],[2.352,-4.577],[0,0],[0,0],[0,0],[0,0],[0,0]],"v":[[-87.492,-65.699],[-74.329,-14.99],[-68.133,0.817],[5.441,-20.68],[65.018,-0.371],[70.589,-14.99],[82.27,-59.991],[36.141,-67.54],[-1.87,-68.367],[-85.333,-66.553]],"c":true},"ix":2},"nm":"Path 1","mn":"ADBE Vector Shape - Group","hd":false},{"ty":"fl","c":{"a":0,"k":[0.780392169952,0.450980395079,0.286274522543,1],"ix":4},"o":{"a":0,"k":100,"ix":5},"r":1,"bm":0,"nm":"Fill 1","mn":"ADBE Vector Graphic - Fill","hd":false},{"ty":"tr","p":{"a":0,"k":[0,0],"ix":2},"a":{"a":0,"k":[0,0],"ix":1},"s":{"a":0,"k":[100,100],"ix":3},"r":{"a":0,"k":0,"ix":6},"o":{"a":0,"k":100,"ix":7},"sk":{"a":0,"k":0,"ix":4},"sa":{"a":0,"k":0,"ix":5},"nm":"Transform"}],"nm":"Group 3","np":2,"cix":2,"bm":0,"ix":3,"mn":"ADBE Vector Group","hd":false},{"ty":"gr","it":[{"ind":0,"ty":"sh","ix":1,"ks":{"a":0,"k":{"i":[[0,0],[0,0],[-33.68,1.826],[-8.475,32.649],[0,0],[0,0]],"o":[[0,0],[8.475,32.649],[33.681,1.826],[0,0],[0,0],[0,0]],"v":[[-87.701,-66.501],[-74.329,-14.99],[-1.87,37.988],[70.589,-14.99],[83.96,-66.501],[-1.87,-68.367]],"c":true},"ix":2},"nm":"Path 1","mn":"ADBE Vector Shape - Group","hd":false},{"ty":"fl","c":{"a":0,"k":[0.831372559071,0.521568655968,0.364705890417,1],"ix":4},"o":{"a":0,"k":100,"ix":5},"r":1,"bm":0,"nm":"Fill 1","mn":"ADBE Vector Graphic - Fill","hd":false},{"ty":"tr","p":{"a":0,"k":[0,0],"ix":2},"a":{"a":0,"k":[0,0],"ix":1},"s":{"a":0,"k":[100,100],"ix":3},"r":{"a":0,"k":0,"ix":6},"o":{"a":0,"k":100,"ix":7},"sk":{"a":0,"k":0,"ix":4},"sa":{"a":0,"k":0,"ix":5},"nm":"Transform"}],"nm":"Group 4","np":2,"cix":2,"bm":0,"ix":4,"mn":"ADBE Vector Group","hd":false},{"ty":"gr","it":[{"ind":0,"ty":"sh","ix":1,"ks":{"a":0,"k":{"i":[[0,0],[-2.659,-18.768],[2.261,-5.507],[17.708,-6.825],[17.125,8.18],[2.453,6.282],[6.086,-2.907],[17.71,6.824],[7.206,17.558],[-0.835,5.896],[-13.004,13.353],[0,0],[-27.081,-9.999],[-7.733,2.401],[0,0],[-7.592,-0.568],[-6.436,4.065],[0,0],[-7.596,2.807],[7.402,27.905]],"o":[[13.004,13.353],[0.836,5.896],[-7.205,17.558],[-17.71,6.824],[-6.087,-2.907],[-2.452,6.282],[-17.126,8.18],[-17.709,-6.825],[-2.261,-5.507],[2.66,-18.768],[0,0],[-7.402,27.905],[7.595,2.807],[0,0],[6.437,4.065],[7.593,-0.568],[0,0],[7.732,2.401],[27.081,-9.999],[0,0]],"v":[[82.959,16.145],[107.202,65.511],[105.025,82.924],[65.993,121.123],[11.421,118.999],[-1.87,104.695],[-15.16,118.999],[-69.732,121.123],[-108.766,82.924],[-110.942,65.511],[-86.699,16.145],[-87.492,19.135],[-52.779,85.995],[-29.144,86.619],[-23.236,90.351],[-1.87,97.408],[19.496,90.351],[25.404,86.619],[49.04,85.995],[83.753,19.135]],"c":true},"ix":2},"nm":"Path 1","mn":"ADBE Vector Shape - Group","hd":false},{"ty":"fl","c":{"a":0,"k":[0.29411765933,0.51372551918,0.639215707779,1],"ix":4},"o":{"a":0,"k":100,"ix":5},"r":1,"bm":0,"nm":"Fill 1","mn":"ADBE Vector Graphic - Fill","hd":false},{"ty":"tr","p":{"a":0,"k":[0,0],"ix":2},"a":{"a":0,"k":[0,0],"ix":1},"s":{"a":0,"k":[100,100],"ix":3},"r":{"a":0,"k":0,"ix":6},"o":{"a":0,"k":100,"ix":7},"sk":{"a":0,"k":0,"ix":4},"sa":{"a":0,"k":0,"ix":5},"nm":"Transform"}],"nm":"Group 5","np":2,"cix":2,"bm":0,"ix":5,"mn":"ADBE Vector Group","hd":false},{"ty":"gr","it":[{"ind":0,"ty":"sh","ix":1,"ks":{"a":0,"k":{"i":[[0,0],[0,0],[-3.54,-24.982],[2.261,-5.507],[17.708,-6.825],[17.125,8.18],[2.453,6.282],[6.086,-2.907],[17.71,6.824],[7.206,17.558],[-0.835,5.896],[-20.994,13.997],[0,0],[0,0]],"o":[[0,0],[20.993,13.997],[0.836,5.896],[-7.205,17.558],[-17.71,6.824],[-6.087,-2.907],[-2.452,6.282],[-17.126,8.18],[-17.709,-6.825],[-2.261,-5.507],[3.54,-24.982],[0,0],[0,0],[0,0]],"v":[[50.915,-7.57],[68.642,4.247],[107.202,65.511],[105.025,82.924],[65.993,121.123],[11.421,118.999],[-1.87,104.695],[-15.16,118.999],[-69.732,121.123],[-108.766,82.924],[-110.942,65.511],[-72.381,4.247],[-54.655,-7.57],[-1.87,19.797]],"c":true},"ix":2},"nm":"Path 1","mn":"ADBE Vector Shape - Group","hd":false},{"ty":"fl","c":{"a":0,"k":[0.380392163992,0.584313750267,0.701960802078,1],"ix":4},"o":{"a":0,"k":100,"ix":5},"r":1,"bm":0,"nm":"Fill 1","mn":"ADBE Vector Graphic - Fill","hd":false},{"ty":"tr","p":{"a":0,"k":[0,0],"ix":2},"a":{"a":0,"k":[0,0],"ix":1},"s":{"a":0,"k":[100,100],"ix":3},"r":{"a":0,"k":0,"ix":6},"o":{"a":0,"k":100,"ix":7},"sk":{"a":0,"k":0,"ix":4},"sa":{"a":0,"k":0,"ix":5},"nm":"Transform"}],"nm":"Group 6","np":2,"cix":2,"bm":0,"ix":6,"mn":"ADBE Vector Group","hd":false},{"ty":"gr","it":[{"ty":"gr","it":[{"ind":0,"ty":"sh","ix":1,"ks":{"a":0,"k":{"i":[[0,0],[0,0],[0,0],[-0.402,3.778],[-7.264,-0.634],[-0.82,-0.059],[-1.482,6.79],[-2.895,0.13],[-0.87,-2.766],[0,0],[-0.368,-1.735],[1.094,-1.395],[10.015,-10.304],[0,0],[1.932,-4.254]],"o":[[0,0],[0,0],[2.642,-2.729],[0.771,-7.252],[0.821,0.072],[5.029,-4.695],[0.619,-2.833],[2.896,-0.131],[0,0],[1.566,0.83],[0.368,1.735],[-8.866,11.308],[0,0],[-3.025,3.462],[0,0]],"v":[[112.534,42.442],[116.238,39.015],[116.778,38.455],[121.474,28.415],[135.945,16.499],[138.408,16.695],[148.435,-0.927],[154.397,-5.952],[160.786,-1.482],[172.657,4.81],[175.71,8.857],[174.564,13.796],[146.223,46.234],[146.223,46.234],[138.735,57.859]],"c":true},"ix":2},"nm":"Path 1","mn":"ADBE Vector Shape - Group","hd":false},{"ty":"fl","c":{"a":0,"k":[0.831372559071,0.521568655968,0.364705890417,1],"ix":4},"o":{"a":0,"k":100,"ix":5},"r":1,"bm":0,"nm":"Fill 1","mn":"ADBE Vector Graphic - Fill","hd":false},{"ty":"tr","p":{"a":0,"k":[0,0],"ix":2},"a":{"a":0,"k":[0,0],"ix":1},"s":{"a":0,"k":[100,100],"ix":3},"r":{"a":0,"k":0,"ix":6},"o":{"a":0,"k":100,"ix":7},"sk":{"a":0,"k":0,"ix":4},"sa":{"a":0,"k":0,"ix":5},"nm":"Transform"}],"nm":"Group 1","np":2,"cix":2,"bm":0,"ix":1,"mn":"ADBE Vector Group","hd":false},{"ty":"gr","it":[{"ind":0,"ty":"sh","ix":1,"ks":{"a":0,"k":{"i":[[0,0],[-26.041,-5.835],[0,0],[-3.213,4.12],[-3.782,2.573],[-7.215,31.501],[5.029,3.262],[4.789,-3.607],[10.202,-12.158],[1.855,-3.167]],"o":[[13.768,19.813],[0,0],[5.226,0],[2.814,-3.608],[28.336,-26.588],[1.338,-5.843],[-5.028,-3.262],[-12.679,9.546],[-8.789,10.473],[0,0]],"v":[[16.438,115.266],[81.59,157.716],[84.078,158.027],[97.449,151.496],[107.401,142.167],[143.869,49.483],[137.723,34.323],[121.373,34.896],[86.94,67.558],[78.479,77.794]],"c":true},"ix":2},"nm":"Path 1","mn":"ADBE Vector Shape - Group","hd":false},{"ty":"fl","c":{"a":0,"k":[0.831372559071,0.521568655968,0.364705890417,1],"ix":4},"o":{"a":0,"k":100,"ix":5},"r":1,"bm":0,"nm":"Fill 1","mn":"ADBE Vector Graphic - Fill","hd":false},{"ty":"tr","p":{"a":0,"k":[0,0],"ix":2},"a":{"a":0,"k":[0,0],"ix":1},"s":{"a":0,"k":[100,100],"ix":3},"r":{"a":0,"k":0,"ix":6},"o":{"a":0,"k":100,"ix":7},"sk":{"a":0,"k":0,"ix":4},"sa":{"a":0,"k":0,"ix":5},"nm":"Transform"}],"nm":"Group 2","np":2,"cix":2,"bm":0,"ix":2,"mn":"ADBE Vector Group","hd":false},{"ty":"tr","p":{"a":0,"k":[0,0],"ix":2},"a":{"a":0,"k":[0,0],"ix":1},"s":{"a":0,"k":[100,100],"ix":3},"r":{"a":0,"k":0,"ix":6},"o":{"a":0,"k":100,"ix":7},"sk":{"a":0,"k":0,"ix":4},"sa":{"a":0,"k":0,"ix":5},"nm":"Transform"}],"nm":"Group 7","np":2,"cix":2,"bm":0,"ix":7,"mn":"ADBE Vector Group","hd":false},{"ty":"gr","it":[{"ty":"gr","it":[{"ind":0,"ty":"sh","ix":1,"ks":{"a":0,"k":{"i":[[0,0],[0,0],[0,0],[0.402,3.778],[7.265,-0.634],[0.821,-0.059],[1.483,6.79],[2.897,0.13],[0.871,-2.766],[0,0],[0.368,-1.735],[-1.094,-1.395],[-10.015,-10.304],[0,0],[-1.932,-4.254]],"o":[[0,0],[0,0],[-2.64,-2.729],[-0.771,-7.252],[-0.82,0.072],[-5.03,-4.695],[-0.619,-2.833],[-2.896,-0.131],[0,0],[-1.566,0.83],[-0.369,1.735],[8.866,11.308],[0,0],[3.024,3.462],[0,0]],"v":[[-116.273,42.442],[-119.978,39.015],[-120.519,38.455],[-125.213,28.415],[-139.686,16.499],[-142.148,16.695],[-152.176,-0.927],[-158.138,-5.952],[-164.526,-1.482],[-176.396,4.81],[-179.449,8.857],[-178.304,13.796],[-149.962,46.234],[-149.963,46.234],[-142.476,57.859]],"c":true},"ix":2},"nm":"Path 1","mn":"ADBE Vector Shape - Group","hd":false},{"ty":"fl","c":{"a":0,"k":[0.831372559071,0.521568655968,0.364705890417,1],"ix":4},"o":{"a":0,"k":100,"ix":5},"r":1,"bm":0,"nm":"Fill 1","mn":"ADBE Vector Graphic - Fill","hd":false},{"ty":"tr","p":{"a":0,"k":[0,0],"ix":2},"a":{"a":0,"k":[0,0],"ix":1},"s":{"a":0,"k":[100,100],"ix":3},"r":{"a":0,"k":0,"ix":6},"o":{"a":0,"k":100,"ix":7},"sk":{"a":0,"k":0,"ix":4},"sa":{"a":0,"k":0,"ix":5},"nm":"Transform"}],"nm":"Group 1","np":2,"cix":2,"bm":0,"ix":1,"mn":"ADBE Vector Group","hd":false},{"ty":"gr","it":[{"ind":0,"ty":"sh","ix":1,"ks":{"a":0,"k":{"i":[[0,0],[26.04,-5.835],[0,0],[3.213,4.12],[3.781,2.573],[7.214,31.501],[-5.029,3.262],[-4.788,-3.607],[-10.202,-12.158],[-1.855,-3.167]],"o":[[-13.767,19.813],[0,0],[-5.226,0],[-2.813,-3.608],[-28.336,-26.588],[-1.338,-5.843],[5.029,-3.262],[12.679,9.546],[8.789,10.473],[0,0]],"v":[[-20.179,115.266],[-85.33,157.716],[-87.817,158.027],[-101.189,151.496],[-111.141,142.167],[-147.609,49.483],[-141.463,34.323],[-125.114,34.896],[-90.681,67.558],[-82.22,77.794]],"c":true},"ix":2},"nm":"Path 1","mn":"ADBE Vector Shape - Group","hd":false},{"ty":"fl","c":{"a":0,"k":[0.831372559071,0.521568655968,0.364705890417,1],"ix":4},"o":{"a":0,"k":100,"ix":5},"r":1,"bm":0,"nm":"Fill 1","mn":"ADBE Vector Graphic - Fill","hd":false},{"ty":"tr","p":{"a":0,"k":[0,0],"ix":2},"a":{"a":0,"k":[0,0],"ix":1},"s":{"a":0,"k":[100,100],"ix":3},"r":{"a":0,"k":0,"ix":6},"o":{"a":0,"k":100,"ix":7},"sk":{"a":0,"k":0,"ix":4},"sa":{"a":0,"k":0,"ix":5},"nm":"Transform"}],"nm":"Group 2","np":2,"cix":2,"bm":0,"ix":2,"mn":"ADBE Vector Group","hd":false},{"ty":"tr","p":{"a":0,"k":[0,0],"ix":2},"a":{"a":0,"k":[0,0],"ix":1},"s":{"a":0,"k":[100,100],"ix":3},"r":{"a":0,"k":0,"ix":6},"o":{"a":0,"k":100,"ix":7},"sk":{"a":0,"k":0,"ix":4},"sa":{"a":0,"k":0,"ix":5},"nm":"Transform"}],"nm":"Group 8","np":2,"cix":2,"bm":0,"ix":8,"mn":"ADBE Vector Group","hd":false},{"ty":"gr","it":[{"ind":0,"ty":"sh","ix":1,"ks":{"a":0,"k":{"i":[[-27.833,0],[0,27.747],[27.833,0],[0,-27.748]],"o":[[27.833,0],[0,-27.748],[-27.833,0],[0,27.747]],"v":[[-1.87,-98.415],[48.664,-148.794],[-1.87,-199.173],[-52.404,-148.794]],"c":true},"ix":2},"nm":"Path 1","mn":"ADBE Vector Shape - Group","hd":false},{"ty":"fl","c":{"a":0,"k":[1,0.600000023842,0.40000000596,1],"ix":4},"o":{"a":0,"k":100,"ix":5},"r":1,"bm":0,"nm":"Fill 1","mn":"ADBE Vector Graphic - Fill","hd":false},{"ty":"tr","p":{"a":0,"k":[0,0],"ix":2},"a":{"a":0,"k":[0,0],"ix":1},"s":{"a":0,"k":[100,100],"ix":3},"r":{"a":0,"k":0,"ix":6},"o":{"a":0,"k":100,"ix":7},"sk":{"a":0,"k":0,"ix":4},"sa":{"a":0,"k":0,"ix":5},"nm":"Transform"}],"nm":"Group 9","np":2,"cix":2,"bm":0,"ix":9,"mn":"ADBE Vector Group","hd":false},{"ty":"gr","it":[{"ind":0,"ty":"sh","ix":1,"ks":{"a":0,"k":{"i":[[8.63,0],[1.391,-10.219],[-8.631,0],[-1.391,10.219]],"o":[[-8.631,0],[-1.392,10.219],[8.63,0],[1.393,-10.219]],"v":[[45.402,-165.743],[27.256,-147.24],[40.363,-128.736],[58.509,-147.24]],"c":true},"ix":2},"nm":"Path 1","mn":"ADBE Vector Shape - Group","hd":false},{"ind":1,"ty":"sh","ix":2,"ks":{"a":0,"k":{"i":[[0,0],[-1.392,-10.219],[8.63,0],[1.391,10.219],[-8.63,0]],"o":[[8.631,0],[1.391,10.219],[-8.63,0],[-1.392,-10.219],[0,0]],"v":[[-49.142,-165.743],[-30.995,-147.24],[-44.103,-128.736],[-62.249,-147.24],[-49.142,-165.743]],"c":true},"ix":2},"nm":"Path 2","mn":"ADBE Vector Shape - Group","hd":false},{"ty":"fl","c":{"a":0,"k":[0.921568632126,0.478431373835,0.254901975393,1],"ix":4},"o":{"a":0,"k":100,"ix":5},"r":1,"bm":0,"nm":"Fill 1","mn":"ADBE Vector Graphic - Fill","hd":false},{"ty":"tr","p":{"a":0,"k":[0,0],"ix":2},"a":{"a":0,"k":[0,0],"ix":1},"s":{"a":0,"k":[100,100],"ix":3},"r":{"a":0,"k":0,"ix":6},"o":{"a":0,"k":100,"ix":7},"sk":{"a":0,"k":0,"ix":4},"sa":{"a":0,"k":0,"ix":5},"nm":"Transform"}],"nm":"Group 10","np":3,"cix":2,"bm":0,"ix":10,"mn":"ADBE Vector Group","hd":false}],"ip":0,"op":300.00001221925,"st":0,"bm":0},{"ddd":0,"ind":3,"ty":4,"nm":"publicdomainvectors.org","cl":"org","sr":1,"ks":{"o":{"a":0,"k":100,"ix":11},"r":{"a":0,"k":0,"ix":10},"p":{"a":0,"k":[400,428,0],"ix":2},"a":{"a":0,"k":[0,0,0],"ix":1},"s":{"a":0,"k":[160,160,100],"ix":6}},"ao":0,"shapes":[{"ty":"gr","it":[{"ind":0,"ty":"sh","ix":1,"ks":{"a":0,"k":{"i":[[0,0],[0,0],[0,0],[0,0]],"o":[[0,0],[0,0],[0,0],[0,0]],"v":[[-258.74,241.881],[255.001,241.881],[255.001,-47.066],[-258.74,-47.066]],"c":true},"ix":2},"nm":"Path 1","mn":"ADBE Vector Shape - Group","hd":false},{"ty":"fl","c":{"a":0,"k":[0.600000023842,0.854901969433,1,1],"ix":4},"o":{"a":0,"k":100,"ix":5},"r":1,"bm":0,"nm":"Fill 1","mn":"ADBE Vector Graphic - Fill","hd":false},{"ty":"tr","p":{"a":0,"k":[0,0],"ix":2},"a":{"a":0,"k":[0,0],"ix":1},"s":{"a":0,"k":[100,100],"ix":3},"r":{"a":0,"k":0,"ix":6},"o":{"a":0,"k":100,"ix":7},"sk":{"a":0,"k":0,"ix":4},"sa":{"a":0,"k":0,"ix":5},"nm":"Transform"}],"nm":"Group 1","np":2,"cix":2,"bm":0,"ix":1,"mn":"ADBE Vector Group","hd":false},{"ty":"gr","it":[{"ind":0,"ty":"sh","ix":1,"ks":{"a":0,"k":{"i":[[0,0],[0,0],[0,0],[0,0]],"o":[[0,0],[0,0],[0,0],[0,0]],"v":[[-258.74,241.881],[255.001,241.881],[255.001,-271.861],[-258.74,-271.861]],"c":true},"ix":2},"nm":"Path 1","mn":"ADBE Vector Shape - Group","hd":false},{"ty":"fl","c":{"a":0,"k":[0.870588243008,0.952941179276,1,1],"ix":4},"o":{"a":0,"k":100,"ix":5},"r":1,"bm":0,"nm":"Fill 1","mn":"ADBE Vector Graphic - Fill","hd":false},{"ty":"tr","p":{"a":0,"k":[0,0],"ix":2},"a":{"a":0,"k":[0,0],"ix":1},"s":{"a":0,"k":[100,100],"ix":3},"r":{"a":0,"k":0,"ix":6},"o":{"a":0,"k":100,"ix":7},"sk":{"a":0,"k":0,"ix":4},"sa":{"a":0,"k":0,"ix":5},"nm":"Transform"}],"nm":"Group 2","np":2,"cix":2,"bm":0,"ix":2,"mn":"ADBE Vector Group","hd":false},{"ty":"gr","it":[{"ty":"tr","p":{"a":0,"k":[0,0],"ix":2},"a":{"a":0,"k":[0,0],"ix":1},"s":{"a":0,"k":[100,100],"ix":3},"r":{"a":0,"k":0,"ix":6},"o":{"a":0,"k":100,"ix":7},"sk":{"a":0,"k":0,"ix":4},"sa":{"a":0,"k":0,"ix":5},"nm":"Transform"}],"nm":"<desc>","np":0,"cix":2,"bm":0,"ix":3,"mn":"ADBE Vector Group","hd":false}],"ip":0,"op":300.00001221925,"st":0,"bm":0}],"markers":[]}