{"nm":"画板","ddd":0,"h":85,"w":93,"meta":{"g":"@lottiefiles/toolkit-js 0.26.1"},"layers":[{"ty":4,"nm":"wifi_signal1","sr":1,"st":0,"op":60,"ip":0,"hd":false,"ddd":0,"bm":0,"hasMask":false,"ao":0,"ks":{"a":{"a":0,"k":[0,0,0],"ix":1},"s":{"a":1,"k":[{"o":{"x":0.84,"y":0},"i":{"x":0.16,"y":1},"s":[0,0,100],"t":0},{"s":[100,100,100],"t":15}],"ix":6},"sk":{"a":0,"k":0},"p":{"a":0,"k":[47,65.288,0],"ix":2},"r":{"a":0,"k":0,"ix":10},"sa":{"a":0,"k":0},"o":{"a":0,"k":100,"ix":11}},"ef":[],"shapes":[{"ty":"gr","bm":0,"hd":false,"mn":"ADBE Vector Group","nm":"wifi_signal1","ix":1,"cix":2,"np":2,"it":[{"ty":"el","bm":0,"hd":false,"mn":"ADBE Vector Shape - Ellipse","nm":"椭圆路径 1","d":1,"p":{"a":0,"k":[0,0],"ix":3},"s":{"a":0,"k":[3.424,3.424],"ix":2}},{"ty":"fl","bm":0,"hd":false,"mn":"ADBE Vector Graphic - Fill","nm":"填充 1","c":{"a":0,"k":[0.2824,0.9098,0.6549],"ix":4},"r":1,"o":{"a":0,"k":100,"ix":5}},{"ty":"tr","a":{"a":0,"k":[0,0],"ix":1},"s":{"a":0,"k":[300,300],"ix":3},"sk":{"a":0,"k":0,"ix":4},"p":{"a":0,"k":[0,0],"ix":2},"r":{"a":0,"k":0,"ix":6},"sa":{"a":0,"k":0,"ix":5},"o":{"a":0,"k":100,"ix":7}}]}],"ind":1},{"ty":4,"nm":"wifi_signal2","sr":1,"st":0,"op":60,"ip":0,"hd":false,"ddd":0,"bm":0,"hasMask":false,"ao":0,"ks":{"a":{"a":0,"k":[0,0,0],"ix":1},"s":{"a":1,"k":[{"o":{"x":0.84,"y":0},"i":{"x":0.16,"y":1},"s":[0,0,100],"t":15},{"s":[100,100,100],"t":30}],"ix":6},"sk":{"a":0,"k":0},"p":{"a":0,"k":[46.993,51.854,0],"ix":2},"r":{"a":0,"k":0,"ix":10},"sa":{"a":0,"k":0},"o":{"a":0,"k":100,"ix":11}},"ef":[],"shapes":[{"ty":"gr","bm":0,"hd":false,"mn":"ADBE Vector Group","nm":"wifi_signal2","ix":1,"cix":2,"np":2,"it":[{"ty":"sh","bm":0,"hd":false,"mn":"ADBE Vector Shape - Group","nm":"路径 1","ix":1,"d":1,"ks":{"a":0,"k":{"c":true,"i":[[2.55,-2.55],[-0.51,-0.5],[-0.5,0.5],[-1.55,-1.55],[-0.32,0],[-0.25,0.25],[0.5,0.5]],"o":[[-0.51,0.5],[0.5,0.5],[1.55,-1.55],[0.25,0.25],[0.33,0],[0.5,-0.5],[-2.54,-2.56]],"v":[[-4.618,-0.145],[-4.618,1.675],[-2.808,1.675],[2.812,1.675],[3.712,2.055],[4.622,1.675],[4.622,-0.135]]},"ix":2}},{"ty":"fl","bm":0,"hd":false,"mn":"ADBE Vector Graphic - Fill","nm":"填充 1","c":{"a":0,"k":[0.2824,0.9098,0.6549],"ix":4},"r":1,"o":{"a":0,"k":100,"ix":5}},{"ty":"tr","a":{"a":0,"k":[0,0],"ix":1},"s":{"a":0,"k":[300,300],"ix":3},"sk":{"a":0,"k":0,"ix":4},"p":{"a":0,"k":[0,0],"ix":2},"r":{"a":0,"k":0,"ix":6},"sa":{"a":0,"k":0,"ix":5},"o":{"a":0,"k":100,"ix":7}}]}],"ind":2},{"ty":4,"nm":"wifi_signal3","sr":1,"st":0,"op":60,"ip":0,"hd":false,"ddd":0,"bm":0,"hasMask":false,"ao":0,"ks":{"a":{"a":0,"k":[0,0,0],"ix":1},"s":{"a":1,"k":[{"o":{"x":0.84,"y":0},"i":{"x":0.16,"y":1},"s":[0,0,100],"t":30},{"s":[100,100,100],"t":45}],"ix":6},"sk":{"a":0,"k":0},"p":{"a":0,"k":[47,39.277,0],"ix":2},"r":{"a":0,"k":0,"ix":10},"sa":{"a":0,"k":0},"o":{"a":0,"k":100,"ix":11}},"ef":[],"shapes":[{"ty":"gr","bm":0,"hd":false,"mn":"ADBE Vector Group","nm":"wifi_signal3","ix":1,"cix":2,"np":2,"it":[{"ty":"sh","bm":0,"hd":false,"mn":"ADBE Vector Shape - Group","nm":"路径 1","ix":1,"d":1,"ks":{"a":0,"k":{"c":true,"i":[[4.46,-4.47],[-0.51,-0.5],[-0.5,0.5],[-3.47,-3.46],[-0.32,0],[-0.25,0.25],[0.5,0.51]],"o":[[-0.51,0.5],[0.5,0.5],[3.47,-3.46],[0.25,0.25],[0.33,0],[0.5,-0.5],[-4.46,-4.47]],"v":[[-8.093,0.576],[-8.093,2.396],[-6.283,2.396],[6.287,2.396],[7.187,2.776],[8.097,2.396],[8.097,0.576]]},"ix":2}},{"ty":"fl","bm":0,"hd":false,"mn":"ADBE Vector Graphic - Fill","nm":"填充 1","c":{"a":0,"k":[0.2824,0.9098,0.6549],"ix":4},"r":1,"o":{"a":0,"k":100,"ix":5}},{"ty":"tr","a":{"a":0,"k":[0,0],"ix":1},"s":{"a":0,"k":[300,300],"ix":3},"sk":{"a":0,"k":0,"ix":4},"p":{"a":0,"k":[0,0],"ix":2},"r":{"a":0,"k":0,"ix":6},"sa":{"a":0,"k":0,"ix":5},"o":{"a":0,"k":100,"ix":7}}]}],"ind":3},{"ty":4,"nm":"wifi_signal1_4","sr":1,"st":0,"op":60,"ip":0,"hd":false,"ddd":0,"bm":0,"hasMask":false,"ao":0,"ks":{"a":{"a":0,"k":[0,0,0],"ix":1},"s":{"a":1,"k":[{"o":{"x":0.84,"y":0},"i":{"x":0.16,"y":1},"s":[0,0,100],"t":45},{"s":[100,100,100],"t":60}],"ix":6},"sk":{"a":0,"k":0},"p":{"a":0,"k":[47,26.503,0],"ix":2},"r":{"a":0,"k":0,"ix":10},"sa":{"a":0,"k":0},"o":{"a":0,"k":100,"ix":11}},"ef":[],"shapes":[{"ty":"gr","bm":0,"hd":false,"mn":"ADBE Vector Group","nm":"wifi_signal1_4","ix":1,"cix":2,"np":2,"it":[{"ty":"sh","bm":0,"hd":false,"mn":"ADBE Vector Shape - Group","nm":"路径 1","ix":1,"d":1,"ks":{"a":0,"k":{"c":true,"i":[[0.51,0.51],[6.41,-6.4],[-0.51,-0.5],[-0.5,0.5],[-5.41,-5.41],[-0.33,0],[-0.25,0.25]],"o":[[-6.41,-6.4],[-0.51,0.5],[0.5,0.5],[5.41,-5.41],[0.25,0.25],[0.33,0],[0.51,-0.5]],"v":[[11.62,1.299],[-11.62,1.299],[-11.62,3.119],[-9.81,3.119],[9.81,3.119],[10.72,3.499],[11.62,3.119]]},"ix":2}},{"ty":"fl","bm":0,"hd":false,"mn":"ADBE Vector Graphic - Fill","nm":"填充 1","c":{"a":0,"k":[0.2824,0.9098,0.6549],"ix":4},"r":1,"o":{"a":0,"k":100,"ix":5}},{"ty":"tr","a":{"a":0,"k":[0,0],"ix":1},"s":{"a":0,"k":[300,300],"ix":3},"sk":{"a":0,"k":0,"ix":4},"p":{"a":0,"k":[0,0],"ix":2},"r":{"a":0,"k":0,"ix":6},"sa":{"a":0,"k":0,"ix":5},"o":{"a":0,"k":100,"ix":7}}]}],"ind":4}],"v":"5.6.5","fr":60,"op":60,"ip":0,"assets":[]}